match_id,1is_pick,1team,1hero_id,2is_pick,2team,2hero_id,3is_pick,3team,3hero_id,4is_pick,4team,4hero_id,5is_pick,5team,5hero_id,6is_pick,6team,6hero_id,7is_pick,7team,7hero_id,8is_pick,8team,8hero_id,9is_pick,9team,9hero_id,10is_pick,10team,10hero_id,11is_pick,11team,11hero_id,12is_pick,12team,12hero_id,13is_pick,13team,13hero_id,14is_pick,14team,14hero_id,15is_pick,15team,15hero_id,16is_pick,16team,16hero_id,17is_pick,17team,17hero_id,18is_pick,18team,18hero_id,19is_pick,19team,19hero_id,20is_pick,20team,20hero_id,21is_pick,21team,21hero_id,22is_pick,22team,22hero_id
5050331668,1,1,60,1,0,90,1,1,77,1,0,19,1,1,23,1,0,52,1,1,84,1,0,86,1,0,96,1,1,25,1,1,7,1,0,54,1,1,8,1,0,29,1,0,72,1,1,64,1,0,103,1,1,49,1,0,10,1,1,76,1,1,41,1,0,15
5050332074,1,0,60,1,1,96,1,0,62,1,1,79,1,0,41,1,1,58,1,0,25,1,1,7,1,1,64,1,0,86,1,0,10,1,1,16,1,0,61,1,1,52,1,1,66,1,0,99,1,1,72,1,0,5,1,1,54,1,0,47,1,0,23,1,1,34
5050332172,1,1,25,1,0,60,1,1,9,1,0,58,1,1,79,1,0,19,1,1,23,1,0,57,1,0,86,1,1,90,1,1,99,1,0,93,1,1,54,1,0,10,1,0,8,1,1,2,1,0,87,1,1,101,1,0,61,1,1,76,1,1,106,1,0,46
5050332229,1,1,90,1,0,60,1,1,66,1,0,76,1,1,7,1,0,106,1,1,25,1,0,16,1,0,84,1,1,23,1,1,52,1,0,72,1,1,93,1,0,41,1,0,27,1,1,8,1,0,49,1,1,121,1,0,69,1,1,54,1,1,43,1,0,22
5050334345,1,0,79,1,1,60,1,0,25,1,1,58,1,0,23,1,1,90,1,0,7,1,1,83,1,1,72,1,0,9,1,0,106,1,1,10,1,0,76,1,1,41,1,1,5,1,0,67,1,1,19,1,0,22,1,1,37,1,0,17,1,0,103,1,1,46
5050335216,1,0,84,1,1,90,1,0,19,1,1,79,1,0,60,1,1,23,1,0,103,1,1,96,1,1,86,1,0,106,1,0,61,1,1,10,1,0,93,1,1,41,1,1,37,1,0,9,1,1,72,1,0,76,1,1,16,1,0,39,1,0,108,1,1,59
5050337379,1,0,79,1,1,60,1,0,86,1,1,9,1,0,37,1,1,90,1,0,19,1,1,7,1,1,58,1,0,85,1,0,102,1,1,29,1,0,10,1,1,106,1,1,41,1,0,72,1,1,103,1,0,101,1,1,45,1,0,76,1,0,52,1,1,25
5050337869,1,0,9,1,1,23,1,0,102,1,1,19,1,0,110,1,1,79,1,0,60,1,1,90,1,1,106,1,0,25,1,0,88,1,1,93,1,0,96,1,1,72,1,1,58,1,0,121,1,1,7,1,0,8,1,1,76,1,0,82,1,0,52,1,1,99
5050337942,1,0,23,1,1,90,1,0,61,1,1,60,1,0,9,1,1,19,1,0,25,1,1,106,1,1,37,1,0,111,1,0,67,1,1,97,1,0,22,1,1,7,1,1,88,1,0,29,1,1,99,1,0,47,1,1,41,1,0,76,1,0,10,1,1,113
5050355108,1,0,23,1,1,58,1,0,19,1,1,82,1,0,86,1,1,99,1,0,60,1,1,16,1,1,52,1,0,27,1,0,106,1,1,61,1,0,25,1,1,113,1,1,92,1,0,72,1,1,108,1,0,103,1,1,47,1,0,79,1,0,76,1,1,85
5050418992,1,1,9,1,0,29,1,1,90,1,0,60,1,1,19,1,0,52,1,1,25,1,0,79,1,0,96,1,1,111,1,1,99,1,0,46,1,1,72,1,0,106,1,0,86,1,1,120,1,0,41,1,1,50,1,0,42,1,1,61,1,1,6,1,0,32
5050419838,1,1,90,1,0,79,1,1,106,1,0,60,1,1,7,1,0,66,1,1,25,1,0,96,1,0,86,1,1,23,1,1,41,1,0,8,1,1,76,1,0,93,1,0,72,1,1,54,1,0,37,1,1,111,1,0,43,1,1,15,1,1,17,1,0,46
5050420478,1,1,60,1,0,58,1,1,90,1,0,9,1,1,23,1,0,41,1,1,25,1,0,7,1,0,121,1,1,84,1,1,72,1,0,19,1,1,86,1,0,76,1,0,101,1,1,102,1,0,106,1,1,93,1,0,45,1,1,1,1,1,129,1,0,52
5050420835,1,0,84,1,1,60,1,0,19,1,1,90,1,0,72,1,1,25,1,0,106,1,1,37,1,1,23,1,0,102,1,0,86,1,1,65,1,0,93,1,1,76,1,1,10,1,0,68,1,1,7,1,0,27,1,1,41,1,0,61,1,0,46,1,1,17
5050421263,1,1,90,1,0,19,1,1,79,1,0,9,1,1,7,1,0,58,1,1,60,1,0,84,1,0,99,1,1,72,1,1,23,1,0,5,1,1,46,1,0,76,1,0,101,1,1,87,1,0,96,1,1,98,1,0,52,1,1,15,1,1,86,1,0,34
5050421576,1,0,90,1,1,66,1,0,96,1,1,79,1,0,60,1,1,65,1,0,19,1,1,52,1,1,84,1,0,83,1,0,29,1,1,72,1,0,99,1,1,92,1,1,86,1,0,45,1,1,23,1,0,77,1,1,106,1,0,18,1,0,36,1,1,12
5050423081,1,0,60,1,1,103,1,0,77,1,1,9,1,0,16,1,1,25,1,0,86,1,1,79,1,1,96,1,0,99,1,0,41,1,1,10,1,0,54,1,1,90,1,1,3,1,0,5,1,1,72,1,0,76,1,1,38,1,0,45,1,0,29,1,1,39
5050423405,1,0,25,1,1,106,1,0,90,1,1,58,1,0,60,1,1,79,1,0,23,1,1,84,1,1,72,1,0,31,1,0,41,1,1,1,1,0,29,1,1,86,1,1,27,1,0,51,1,1,76,1,0,54,1,1,45,1,0,96,1,0,39,1,1,104
5050425050,1,1,23,1,0,90,1,1,83,1,0,25,1,1,96,1,0,60,1,1,79,1,0,72,1,0,19,1,1,54,1,1,61,1,0,9,1,1,3,1,0,65,1,0,84,1,1,86,1,0,53,1,1,29,1,0,76,1,1,10,1,1,106,1,0,93
5050426905,1,0,58,1,1,60,1,0,97,1,1,90,1,0,61,1,1,9,1,0,103,1,1,52,1,1,7,1,0,5,1,0,10,1,1,41,1,0,23,1,1,22,1,1,84,1,0,51,1,1,106,1,0,76,1,1,72,1,0,77,1,0,6,1,1,74
5050430233,1,1,82,1,0,60,1,1,52,1,0,90,1,1,84,1,0,19,1,1,9,1,0,7,1,0,27,1,1,23,1,1,72,1,0,76,1,1,43,1,0,79,1,0,106,1,1,31,1,0,85,1,1,99,1,0,46,1,1,10,1,1,32,1,0,61
5050432103,1,1,79,1,0,58,1,1,60,1,0,17,1,1,23,1,0,73,1,1,83,1,0,25,1,0,37,1,1,52,1,1,16,1,0,29,1,1,18,1,0,78,1,0,96,1,1,85,1,0,47,1,1,86,1,0,41,1,1,45,1,1,106,1,0,54
5050450737,1,1,25,1,0,19,1,1,9,1,0,60,1,1,23,1,0,90,1,1,106,1,0,41,1,0,31,1,1,79,1,1,97,1,0,52,1,1,102,1,0,17,1,0,86,1,1,101,1,0,96,1,1,2,1,0,72,1,1,76,1,1,54,1,0,22
5050521841,1,0,72,1,1,90,1,0,25,1,1,60,1,0,86,1,1,79,1,0,31,1,1,96,1,1,52,1,0,8,1,0,41,1,1,97,1,0,76,1,1,23,1,1,37,1,0,107,1,1,93,1,0,2,1,1,17,1,0,22,1,0,106,1,1,7
5050523669,1,1,19,1,0,60,1,1,90,1,0,103,1,1,25,1,0,91,1,1,9,1,0,79,1,0,96,1,1,7,1,1,86,1,0,10,1,1,41,1,0,84,1,0,3,1,1,72,1,0,54,1,1,111,1,0,17,1,1,39,1,1,76,1,0,46
5050523851,1,1,52,1,0,25,1,1,9,1,0,60,1,1,83,1,0,50,1,1,90,1,0,23,1,0,5,1,1,106,1,1,82,1,0,76,1,1,99,1,0,29,1,0,8,1,1,19,1,0,22,1,1,46,1,0,33,1,1,15,1,1,3,1,0,51
5050524318,1,0,60,1,1,25,1,0,90,1,1,102,1,0,6,1,1,23,1,0,9,1,1,83,1,1,72,1,0,10,1,0,76,1,1,7,1,0,77,1,1,85,1,1,86,1,0,84,1,1,96,1,0,99,1,1,52,1,0,39,1,0,11,1,1,46
5050525526,1,1,84,1,0,60,1,1,25,1,0,23,1,1,46,1,0,90,1,1,9,1,0,72,1,0,79,1,1,7,1,1,52,1,0,10,1,1,62,1,0,32,1,0,86,1,1,103,1,0,2,1,1,54,1,0,22,1,1,28,1,1,17,1,0,49
5050525986,1,0,90,1,1,19,1,0,106,1,1,84,1,0,60,1,1,58,1,0,23,1,1,72,1,1,85,1,0,83,1,0,99,1,1,92,1,0,76,1,1,10,1,1,25,1,0,45,1,1,96,1,0,95,1,1,13,1,0,34,1,0,11,1,1,39
5050526652,1,0,23,1,1,106,1,0,84,1,1,7,1,0,60,1,1,9,1,0,90,1,1,79,1,1,72,1,0,99,1,0,76,1,1,22,1,0,65,1,1,93,1,1,25,1,0,19,1,1,96,1,0,53,1,1,52,1,0,17,1,0,77,1,1,98
5050535847,1,1,19,1,0,25,1,1,79,1,0,41,1,1,90,1,0,23,1,1,60,1,0,103,1,0,50,1,1,72,1,1,65,1,0,84,1,1,96,1,0,31,1,0,38,1,1,3,1,0,77,1,1,112,1,0,13,1,1,59,1,1,29,1,0,76
5052011482,1,0,19,1,1,90,1,0,84,1,1,79,1,0,3,1,1,60,1,0,86,1,1,96,1,1,25,1,0,29,1,0,93,1,1,106,1,0,23,1,1,41,1,1,72,1,0,66,1,1,83,1,0,52,1,1,46,1,0,45,1,0,54,1,1,121
5052013915,1,1,79,1,0,90,1,1,3,1,0,106,1,1,9,1,0,60,1,1,25,1,0,87,1,0,96,1,1,50,1,1,54,1,0,6,1,1,93,1,0,120,1,0,46,1,1,19,1,0,8,1,1,41,1,0,111,1,1,86,1,1,31,1,0,33
5052017733,1,0,84,1,1,60,1,0,79,1,1,25,1,0,7,1,1,23,1,0,72,1,1,3,1,1,9,1,0,87,1,0,46,1,1,61,1,0,76,1,1,86,1,1,41,1,0,27,1,1,22,1,0,29,1,1,1,1,0,51,1,0,62,1,1,96
5052020389,1,1,19,1,0,60,1,1,52,1,0,90,1,1,79,1,0,23,1,1,25,1,0,9,1,0,84,1,1,3,1,1,41,1,0,93,1,1,72,1,0,10,1,0,7,1,1,27,1,0,86,1,1,29,1,0,44,1,1,1,1,1,95,1,0,89
5052077605,1,0,79,1,1,90,1,0,96,1,1,60,1,0,33,1,1,106,1,0,50,1,1,111,1,1,4,1,0,120,1,0,22,1,1,6,1,0,99,1,1,14,1,1,25,1,0,46,1,1,65,1,0,102,1,1,29,1,0,16,1,0,40,1,1,78
5052077838,1,0,60,1,1,25,1,0,90,1,1,19,1,0,23,1,1,79,1,0,9,1,1,84,1,1,72,1,0,10,1,0,76,1,1,7,1,0,41,1,1,52,1,1,96,1,0,102,1,1,86,1,0,99,1,1,13,1,0,22,1,0,129,1,1,106
5052086914,1,0,19,1,1,79,1,0,84,1,1,60,1,0,83,1,1,90,1,0,86,1,1,96,1,1,52,1,0,29,1,0,93,1,1,66,1,0,103,1,1,72,1,1,68,1,0,111,1,1,7,1,0,106,1,1,76,1,0,10,1,0,46,1,1,8
5052093333,1,1,84,1,0,60,1,1,79,1,0,23,1,1,90,1,0,72,1,1,7,1,0,25,1,0,96,1,1,37,1,1,22,1,0,58,1,1,41,1,0,46,1,0,75,1,1,86,1,0,93,1,1,52,1,0,10,1,1,39,1,1,38,1,0,27
5052188677,1,1,84,1,0,60,1,1,79,1,0,90,1,1,7,1,0,23,1,1,72,1,0,9,1,0,3,1,1,25,1,1,22,1,0,102,1,1,41,1,0,52,1,0,16,1,1,87,1,0,8,1,1,62,1,0,99,1,1,61,1,1,38,1,0,82
5052191553,1,0,84,1,1,60,1,0,19,1,1,66,1,0,23,1,1,86,1,0,90,1,1,79,1,1,96,1,0,106,1,0,72,1,1,99,1,0,25,1,1,29,1,1,3,1,0,7,1,1,54,1,0,46,1,1,9,1,0,65,1,0,62,1,1,114
5052246008,1,1,60,1,0,84,1,1,90,1,0,79,1,1,25,1,0,23,1,1,9,1,0,72,1,0,7,1,1,10,1,1,38,1,0,22,1,1,62,1,0,51,1,0,26,1,1,102,1,0,2,1,1,99,1,0,106,1,1,46,1,1,13,1,0,73
5052246293,1,1,90,1,0,25,1,1,106,1,0,84,1,1,66,1,0,60,1,1,87,1,0,103,1,0,72,1,1,51,1,1,62,1,0,23,1,1,46,1,0,93,1,0,86,1,1,41,1,0,102,1,1,22,1,0,29,1,1,61,1,1,97,1,0,77
5055007942,1,0,91,1,1,60,1,0,25,1,1,7,1,0,72,1,1,79,1,0,84,1,1,52,1,1,3,1,0,96,1,0,77,1,1,86,1,0,16,1,1,41,1,1,28,1,0,45,1,1,23,1,0,76,1,1,8,1,0,106,1,0,95,1,1,35
5055008033,1,1,58,1,0,10,1,1,66,1,0,97,1,1,73,1,0,98,1,1,52,1,0,90,1,0,23,1,1,102,1,1,76,1,0,54,1,1,25,1,0,67,1,0,86,1,1,79,1,0,106,1,1,12,1,0,19,1,1,60,1,1,49,1,0,22
5055008080,1,0,60,1,1,9,1,0,72,1,1,90,1,0,52,1,1,82,1,0,3,1,1,25,1,1,84,1,0,19,1,0,79,1,1,89,1,0,76,1,1,73,1,1,41,1,0,67,1,1,85,1,0,101,1,1,38,1,0,74,1,0,23,1,1,43
5055009887,1,0,23,1,1,60,1,0,10,1,1,79,1,0,41,1,1,72,1,0,25,1,1,96,1,1,86,1,0,84,1,0,52,1,1,93,1,0,19,1,1,2,1,1,87,1,0,29,1,1,8,1,0,54,1,1,76,1,0,15,1,0,46,1,1,35
5055062512,1,0,23,1,1,60,1,0,96,1,1,79,1,0,25,1,1,7,1,0,3,1,1,41,1,1,84,1,0,72,1,0,9,1,1,76,1,0,19,1,1,45,1,1,2,1,0,27,1,1,101,1,0,38,1,1,52,1,0,114,1,0,106,1,1,22
5055066161,1,0,79,1,1,60,1,0,7,1,1,52,1,0,96,1,1,25,1,0,9,1,1,72,1,1,19,1,0,41,1,0,76,1,1,23,1,0,29,1,1,16,1,1,111,1,0,31,1,1,58,1,0,51,1,1,22,1,0,106,1,0,74,1,1,73
5055077480,1,0,97,1,1,58,1,0,98,1,1,66,1,0,7,1,1,23,1,0,79,1,1,60,1,1,90,1,0,54,1,0,10,1,1,62,1,0,19,1,1,28,1,1,27,1,0,25,1,1,41,1,0,110,1,1,38,1,0,35,1,0,2,1,1,74
5055077558,1,0,19,1,1,60,1,0,3,1,1,72,1,0,79,1,1,84,1,0,90,1,1,23,1,1,25,1,0,102,1,0,93,1,1,7,1,0,82,1,1,10,1,1,121,1,0,81,1,1,18,1,0,46,1,1,95,1,0,47,1,0,99,1,1,76
5055123674,1,1,23,1,0,52,1,1,74,1,0,72,1,1,19,1,0,60,1,1,33,1,0,84,1,0,86,1,1,31,1,1,93,1,0,98,1,1,76,1,0,89,1,0,41,1,1,16,1,0,38,1,1,73,1,0,95,1,1,17,1,1,106,1,0,25
5055129907,1,0,23,1,1,60,1,0,79,1,1,90,1,0,25,1,1,52,1,0,9,1,1,20,1,1,19,1,0,72,1,0,106,1,1,76,1,0,10,1,1,93,1,1,102,1,0,84,1,1,95,1,0,15,1,1,85,1,0,39,1,0,96,1,1,43
5055148584,1,1,16,1,0,60,1,1,83,1,0,103,1,1,7,1,0,76,1,1,9,1,0,97,1,0,106,1,1,2,1,1,3,1,0,41,1,1,74,1,0,23,1,0,79,1,1,67,1,0,54,1,1,102,1,0,19,1,1,107,1,1,52,1,0,28
5055153190,1,0,41,1,1,90,1,0,61,1,1,23,1,0,10,1,1,72,1,0,60,1,1,19,1,1,9,1,0,86,1,0,77,1,1,22,1,0,81,1,1,31,1,1,64,1,0,54,1,1,4,1,0,106,1,1,79,1,0,36,1,0,27,1,1,74
5055191316,1,0,23,1,1,60,1,0,79,1,1,90,1,0,25,1,1,84,1,0,9,1,1,52,1,1,102,1,0,72,1,0,10,1,1,76,1,0,106,1,1,15,1,1,3,1,0,31,1,1,27,1,0,77,1,1,51,1,0,54,1,0,7,1,1,49
5055193077,1,1,52,1,0,74,1,1,72,1,0,84,1,1,16,1,0,23,1,1,90,1,0,33,1,0,103,1,1,19,1,1,98,1,0,99,1,1,95,1,0,65,1,0,67,1,1,86,1,0,13,1,1,96,1,0,89,1,1,104,1,1,109,1,0,62
5055202827,1,0,60,1,1,16,1,0,103,1,1,97,1,0,76,1,1,7,1,0,83,1,1,5,1,1,72,1,0,23,1,0,98,1,1,89,1,0,106,1,1,10,1,1,38,1,0,41,1,1,84,1,0,104,1,1,9,1,0,50,1,0,101,1,1,74
5055209747,1,0,72,1,1,60,1,0,25,1,1,9,1,0,10,1,1,79,1,0,90,1,1,97,1,1,8,1,0,41,1,0,23,1,1,2,1,0,31,1,1,38,1,1,111,1,0,22,1,1,26,1,0,99,1,1,19,1,0,46,1,0,86,1,1,1
5055277390,1,1,79,1,0,60,1,1,86,1,0,7,1,1,90,1,0,72,1,1,25,1,0,84,1,0,41,1,1,38,1,1,22,1,0,62,1,1,29,1,0,76,1,0,23,1,1,27,1,0,101,1,1,46,1,0,28,1,1,65,1,1,98,1,0,40
5055285488,1,1,84,1,0,67,1,1,41,1,0,90,1,1,79,1,0,9,1,1,19,1,0,16,1,0,25,1,1,102,1,1,72,1,0,10,1,1,76,1,0,106,1,0,85,1,1,95,1,0,52,1,1,53,1,0,45,1,1,18,1,1,74,1,0,54
5055289495,1,0,25,1,1,19,1,0,72,1,1,58,1,0,79,1,1,60,1,0,9,1,1,90,1,1,106,1,0,2,1,0,99,1,1,103,1,0,23,1,1,74,1,1,86,1,0,111,1,1,96,1,0,54,1,1,52,1,0,76,1,0,17,1,1,46
5055301462,1,0,23,1,1,97,1,0,10,1,1,72,1,0,73,1,1,102,1,0,90,1,1,66,1,1,60,1,0,89,1,0,52,1,1,61,1,0,106,1,1,98,1,1,120,1,0,110,1,1,54,1,0,28,1,1,74,1,0,22,1,0,50,1,1,13
5055356250,1,1,90,1,0,23,1,1,79,1,0,9,1,1,82,1,0,72,1,1,19,1,0,52,1,0,16,1,1,41,1,1,89,1,0,87,1,1,112,1,0,31,1,0,85,1,1,37,1,0,42,1,1,84,1,0,76,1,1,106,1,1,25,1,0,11
5055361782,1,0,9,1,1,90,1,0,19,1,1,60,1,0,58,1,1,79,1,0,72,1,1,84,1,1,41,1,0,103,1,0,74,1,1,96,1,0,23,1,1,29,1,1,25,1,0,86,1,1,129,1,0,102,1,1,46,1,0,76,1,0,106,1,1,47
5055372767,1,0,79,1,1,60,1,0,25,1,1,7,1,0,86,1,1,72,1,0,84,1,1,41,1,1,30,1,0,9,1,0,22,1,1,62,1,0,23,1,1,76,1,1,96,1,0,46,1,1,27,1,0,28,1,1,98,1,0,40,1,0,111,1,1,35
5055381579,1,1,23,1,0,97,1,1,73,1,0,90,1,1,10,1,0,79,1,1,60,1,0,72,1,0,9,1,1,83,1,1,2,1,0,41,1,1,38,1,0,67,1,0,3,1,1,75,1,0,52,1,1,74,1,0,1,1,1,61,1,1,6,1,0,96
5055392784,1,1,16,1,0,67,1,1,84,1,0,90,1,1,52,1,0,19,1,1,3,1,0,9,1,0,79,1,1,104,1,1,76,1,0,107,1,1,23,1,0,101,1,0,41,1,1,25,1,0,102,1,1,12,1,0,74,1,1,34,1,1,46,1,0,106
5055417109,1,0,89,1,1,85,1,0,112,1,1,66,1,0,23,1,1,97,1,0,41,1,1,83,1,1,110,1,0,9,1,0,77,1,1,84,1,0,42,1,1,47,1,1,31,1,0,79,1,1,99,1,0,55,1,1,106,1,0,61,1,0,43,1,1,94
5055420548,1,0,52,1,1,79,1,0,72,1,1,23,1,0,85,1,1,9,1,0,86,1,1,19,1,1,84,1,0,57,1,0,15,1,1,42,1,0,41,1,1,93,1,1,106,1,0,121,1,1,111,1,0,54,1,1,11,1,0,94,1,0,43,1,1,35
5055435501,1,1,23,1,0,106,1,1,90,1,0,16,1,1,19,1,0,79,1,1,72,1,0,85,1,0,10,1,1,68,1,1,7,1,0,41,1,1,17,1,0,65,1,0,96,1,1,84,1,0,27,1,1,82,1,0,29,1,1,22,1,1,38,1,0,25
5055447440,1,0,52,1,1,60,1,0,79,1,1,97,1,0,10,1,1,25,1,0,72,1,1,84,1,1,41,1,0,111,1,0,9,1,1,106,1,0,16,1,1,28,1,1,96,1,0,27,1,1,86,1,0,2,1,1,23,1,0,13,1,0,17,1,1,35
5055465930,1,1,10,1,0,103,1,1,52,1,0,60,1,1,97,1,0,9,1,1,19,1,0,84,1,0,101,1,1,3,1,1,89,1,0,73,1,1,41,1,0,106,1,0,12,1,1,16,1,0,23,1,1,76,1,0,54,1,1,45,1,1,8,1,0,25
5055466928,1,1,52,1,0,19,1,1,23,1,0,90,1,1,60,1,0,33,1,1,72,1,0,41,1,0,68,1,1,38,1,1,98,1,0,85,1,1,25,1,0,3,1,0,16,1,1,84,1,0,107,1,1,9,1,0,76,1,1,39,1,1,99,1,0,13
5055468536,1,1,79,1,0,9,1,1,52,1,0,85,1,1,90,1,0,89,1,1,23,1,0,72,1,0,84,1,1,31,1,1,16,1,0,41,1,1,106,1,0,4,1,0,83,1,1,110,1,0,120,1,1,93,1,0,57,1,1,76,1,1,51,1,0,15
5055484565,1,0,23,1,1,60,1,0,106,1,1,9,1,0,96,1,1,90,1,0,25,1,1,41,1,1,84,1,0,2,1,0,76,1,1,79,1,0,52,1,1,42,1,1,7,1,0,3,1,1,101,1,0,72,1,1,45,1,0,61,1,0,47,1,1,74
5055505263,1,1,79,1,0,89,1,1,23,1,0,66,1,1,112,1,0,41,1,1,97,1,0,9,1,0,84,1,1,8,1,1,2,1,0,40,1,1,57,1,0,19,1,0,38,1,1,31,1,0,4,1,1,121,1,0,65,1,1,98,1,1,29,1,0,43
5055525745,1,0,25,1,1,60,1,0,41,1,1,52,1,0,7,1,1,72,1,0,84,1,1,90,1,1,106,1,0,27,1,0,97,1,1,8,1,0,29,1,1,58,1,1,96,1,0,10,1,1,26,1,0,23,1,1,16,1,0,76,1,0,19,1,1,46
5055526151,1,0,86,1,1,52,1,0,79,1,1,23,1,0,85,1,1,60,1,0,9,1,1,16,1,1,25,1,0,41,1,0,89,1,1,84,1,0,72,1,1,76,1,1,68,1,0,64,1,1,42,1,0,29,1,1,75,1,0,46,1,0,74,1,1,61
5055529054,1,1,23,1,0,84,1,1,73,1,0,72,1,1,52,1,0,3,1,1,60,1,0,31,1,0,8,1,1,33,1,1,98,1,0,41,1,1,62,1,0,93,1,0,27,1,1,90,1,0,99,1,1,76,1,0,104,1,1,61,1,1,102,1,0,35
5055552218,1,0,85,1,1,19,1,0,57,1,1,23,1,0,41,1,1,9,1,0,97,1,1,121,1,1,106,1,0,8,1,0,2,1,1,104,1,0,60,1,1,82,1,1,112,1,0,83,1,1,7,1,0,74,1,1,65,1,0,46,1,0,111,1,1,76
5055555914,1,1,79,1,0,23,1,1,38,1,0,85,1,1,16,1,0,72,1,1,106,1,0,90,1,0,19,1,1,64,1,1,76,1,0,54,1,1,10,1,0,61,1,0,84,1,1,119,1,0,75,1,1,77,1,0,60,1,1,82,1,1,28,1,0,73
5055571889,1,1,103,1,0,10,1,1,23,1,0,52,1,1,73,1,0,60,1,1,89,1,0,7,1,0,25,1,1,86,1,1,106,1,0,96,1,1,97,1,0,102,1,0,90,1,1,66,1,0,12,1,1,16,1,0,49,1,1,104,1,1,43,1,0,74
5055622425,1,0,90,1,1,60,1,0,96,1,1,25,1,0,86,1,1,41,1,0,9,1,1,7,1,1,10,1,0,68,1,0,84,1,1,2,1,0,85,1,1,76,1,1,3,1,0,19,1,1,52,1,0,42,1,1,13,1,0,23,1,0,11,1,1,15
5055633430,1,1,79,1,0,9,1,1,25,1,0,90,1,1,84,1,0,23,1,1,19,1,0,41,1,0,16,1,1,121,1,1,101,1,0,10,1,1,85,1,0,89,1,0,103,1,1,111,1,0,86,1,1,60,1,0,99,1,1,76,1,1,42,1,0,110
5055717822,1,1,10,1,0,60,1,1,73,1,0,90,1,1,23,1,0,83,1,1,97,1,0,74,1,0,84,1,1,41,1,1,89,1,0,65,1,1,57,1,0,96,1,0,16,1,1,79,1,0,6,1,1,38,1,0,50,1,1,76,1,1,106,1,0,17
5055717870,1,1,52,1,0,60,1,1,90,1,0,2,1,1,72,1,0,41,1,1,23,1,0,106,1,0,85,1,1,9,1,1,57,1,0,76,1,1,82,1,0,65,1,0,86,1,1,84,1,0,96,1,1,10,1,0,13,1,1,93,1,1,104,1,0,95
5055732296,1,0,79,1,1,60,1,0,102,1,1,90,1,0,52,1,1,25,1,0,72,1,1,10,1,1,27,1,0,86,1,0,7,1,1,76,1,0,23,1,1,96,1,1,3,1,0,2,1,1,15,1,0,22,1,1,75,1,0,51,1,0,87,1,1,65
5055751056,1,0,83,1,1,106,1,0,19,1,1,86,1,0,25,1,1,60,1,0,90,1,1,9,1,1,84,1,0,72,1,0,74,1,1,46,1,0,29,1,1,102,1,1,41,1,0,99,1,1,22,1,0,7,1,1,77,1,0,38,1,0,21,1,1,104
5055767613,1,0,90,1,1,23,1,0,91,1,1,19,1,0,79,1,1,52,1,0,9,1,1,72,1,1,57,1,0,41,1,0,89,1,1,76,1,0,85,1,1,93,1,1,102,1,0,68,1,1,119,1,0,7,1,1,25,1,0,42,1,0,86,1,1,49
5055798136,1,1,79,1,0,9,1,1,16,1,0,23,1,1,19,1,0,90,1,1,84,1,0,41,1,0,101,1,1,121,1,1,103,1,0,42,1,1,85,1,0,60,1,0,31,1,1,2,1,0,104,1,1,76,1,0,18,1,1,45,1,1,72,1,0,25
5055809172,1,0,60,1,1,90,1,0,2,1,1,23,1,0,41,1,1,85,1,0,106,1,1,84,1,1,52,1,0,9,1,0,76,1,1,54,1,0,72,1,1,8,1,1,96,1,0,121,1,1,19,1,0,18,1,1,57,1,0,95,1,0,16,1,1,94
5055821409,1,1,10,1,0,90,1,1,73,1,0,60,1,1,23,1,0,76,1,1,97,1,0,83,1,0,106,1,1,41,1,1,57,1,0,79,1,1,89,1,0,74,1,0,16,1,1,64,1,0,27,1,1,104,1,0,50,1,1,39,1,1,22,1,0,67
5055822905,1,0,61,1,1,23,1,0,25,1,1,89,1,0,79,1,1,85,1,0,72,1,1,90,1,1,57,1,0,84,1,0,59,1,1,16,1,0,106,1,1,60,1,1,7,1,0,86,1,1,10,1,0,76,1,1,104,1,0,45,1,0,108,1,1,74
5055864893,1,1,102,1,0,60,1,1,79,1,0,90,1,1,52,1,0,25,1,1,72,1,0,86,1,0,96,1,1,87,1,1,10,1,0,62,1,1,22,1,0,28,1,0,84,1,1,27,1,0,15,1,1,38,1,0,46,1,1,89,1,1,39,1,0,49
5055882571,1,0,79,1,1,23,1,0,52,1,1,9,1,0,19,1,1,72,1,0,90,1,1,85,1,1,41,1,0,89,1,0,26,1,1,50,1,0,45,1,1,25,1,1,5,1,0,119,1,1,120,1,0,13,1,1,36,1,0,73,1,0,96,1,1,49
5055904332,1,1,83,1,0,89,1,1,23,1,0,66,1,1,112,1,0,60,1,1,41,1,0,97,1,0,25,1,1,9,1,1,42,1,0,84,1,1,106,1,0,76,1,0,29,1,1,79,1,0,44,1,1,2,1,0,13,1,1,61,1,1,47,1,0,19
5055921436,1,1,61,1,0,23,1,1,25,1,0,72,1,1,79,1,0,85,1,1,52,1,0,16,1,0,86,1,1,41,1,1,59,1,0,29,1,1,89,1,0,76,1,0,90,1,1,31,1,0,106,1,1,60,1,0,11,1,1,82,1,1,74,1,0,73
5055931551,1,1,25,1,0,60,1,1,19,1,0,97,1,1,66,1,0,9,1,1,90,1,0,85,1,0,72,1,1,23,1,1,76,1,0,12,1,1,114,1,0,89,1,0,79,1,1,105,1,0,93,1,1,41,1,0,13,1,1,2,1,1,74,1,0,7
5055931664,1,1,25,1,0,66,1,1,90,1,0,23,1,1,102,1,0,97,1,1,19,1,0,16,1,0,43,1,1,68,1,1,9,1,0,73,1,1,81,1,0,65,1,0,112,1,1,52,1,0,72,1,1,54,1,0,76,1,1,114,1,1,106,1,0,10
5055936441,1,1,97,1,0,9,1,1,103,1,0,85,1,1,27,1,0,38,1,1,72,1,0,79,1,0,23,1,1,84,1,1,82,1,0,90,1,1,54,1,0,19,1,0,86,1,1,121,1,0,4,1,1,16,1,0,17,1,1,59,1,1,106,1,0,76
5056008859,1,1,89,1,0,66,1,1,60,1,0,97,1,1,41,1,0,9,1,1,83,1,0,23,1,0,85,1,1,90,1,1,65,1,0,98,1,1,77,1,0,106,1,0,79,1,1,72,1,0,54,1,1,99,1,0,34,1,1,82,1,1,21,1,0,52
5056013917,1,1,72,1,0,23,1,1,52,1,0,86,1,1,90,1,0,79,1,1,16,1,0,106,1,0,9,1,1,111,1,1,54,1,0,43,1,1,41,1,0,76,1,0,3,1,1,121,1,0,7,1,1,93,1,0,114,1,1,4,1,1,99,1,0,15
5056020237,1,0,104,1,1,23,1,0,82,1,1,84,1,0,19,1,1,85,1,0,72,1,1,97,1,1,8,1,0,83,1,0,121,1,1,15,1,0,5,1,1,57,1,1,7,1,0,60,1,1,31,1,0,73,1,1,66,1,0,39,1,0,112,1,1,74
5056045241,1,1,91,1,0,66,1,1,19,1,0,85,1,1,60,1,0,58,1,1,9,1,0,5,1,0,23,1,1,3,1,1,89,1,0,76,1,1,12,1,0,93,1,0,64,1,1,84,1,0,102,1,1,41,1,0,98,1,1,114,1,1,106,1,0,42
5056068591,1,1,105,1,0,60,1,1,97,1,0,66,1,1,9,1,0,19,1,1,58,1,0,25,1,0,23,1,1,86,1,1,90,1,0,76,1,1,84,1,0,93,1,0,121,1,1,78,1,0,14,1,1,54,1,0,114,1,1,10,1,1,21,1,0,44
5056072551,1,1,90,1,0,97,1,1,106,1,0,103,1,1,79,1,0,72,1,1,85,1,0,86,1,0,38,1,1,9,1,1,102,1,0,23,1,1,82,1,0,89,1,0,5,1,1,104,1,0,98,1,1,76,1,0,4,1,1,39,1,1,99,1,0,113
5056075486,1,1,66,1,0,90,1,1,23,1,0,102,1,1,97,1,0,112,1,1,16,1,0,86,1,0,38,1,1,25,1,1,54,1,0,72,1,1,8,1,0,89,1,0,85,1,1,81,1,0,67,1,1,121,1,0,43,1,1,76,1,1,82,1,0,114
5056094790,1,1,84,1,0,9,1,1,52,1,0,79,1,1,50,1,0,23,1,1,19,1,0,41,1,0,31,1,1,112,1,1,38,1,0,89,1,1,121,1,0,73,1,0,101,1,1,85,1,0,16,1,1,1,1,0,97,1,1,76,1,1,102,1,0,46
5056122805,1,0,97,1,1,23,1,0,104,1,1,72,1,0,82,1,1,85,1,0,9,1,1,41,1,1,57,1,0,79,1,0,19,1,1,89,1,0,121,1,1,94,1,1,7,1,0,16,1,1,68,1,0,67,1,1,25,1,0,76,1,0,106,1,1,47
5056122980,1,1,85,1,0,23,1,1,9,1,0,19,1,1,66,1,0,60,1,1,58,1,0,3,1,0,52,1,1,7,1,1,72,1,0,114,1,1,38,1,0,12,1,0,8,1,1,64,1,0,84,1,1,41,1,0,43,1,1,102,1,1,45,1,0,106
5056129018,1,1,79,1,0,90,1,1,86,1,0,23,1,1,16,1,0,52,1,1,72,1,0,57,1,0,84,1,1,85,1,1,93,1,0,106,1,1,41,1,0,76,1,0,25,1,1,51,1,0,12,1,1,17,1,0,108,1,1,39,1,1,5,1,0,59
5056151322,1,0,72,1,1,2,1,0,106,1,1,9,1,0,112,1,1,41,1,0,60,1,1,85,1,1,23,1,0,66,1,0,110,1,1,93,1,0,77,1,1,4,1,1,119,1,0,25,1,1,63,1,0,109,1,1,19,1,0,65,1,0,7,1,1,61
5056162914,1,0,19,1,1,9,1,0,57,1,1,2,1,0,16,1,1,23,1,0,90,1,1,25,1,1,102,1,0,106,1,0,76,1,1,73,1,0,54,1,1,81,1,1,114,1,0,58,1,1,42,1,0,74,1,1,99,1,0,104,1,0,89,1,1,101
5056162994,1,1,86,1,0,90,1,1,66,1,0,97,1,1,96,1,0,60,1,1,25,1,0,9,1,0,84,1,1,102,1,1,93,1,0,114,1,1,23,1,0,41,1,0,72,1,1,68,1,0,2,1,1,54,1,0,76,1,1,39,1,1,7,1,0,46
5056196508,1,1,112,1,0,84,1,1,23,1,0,9,1,1,79,1,0,41,1,1,72,1,0,19,1,0,90,1,1,85,1,1,25,1,0,60,1,1,73,1,0,38,1,0,104,1,1,74,1,0,86,1,1,2,1,0,43,1,1,54,1,1,98,1,0,8
5056215248,1,1,61,1,0,23,1,1,25,1,0,72,1,1,79,1,0,85,1,1,41,1,0,20,1,0,102,1,1,9,1,1,93,1,0,76,1,1,42,1,0,35,1,0,119,1,1,5,1,0,59,1,1,47,1,0,29,1,1,77,1,1,16,1,0,89
5056220060,1,1,9,1,0,60,1,1,66,1,0,19,1,1,90,1,0,72,1,1,23,1,0,97,1,0,8,1,1,85,1,1,98,1,0,41,1,1,106,1,0,54,1,0,121,1,1,112,1,0,16,1,1,93,1,0,52,1,1,76,1,1,104,1,0,114
5056220483,1,1,90,1,0,66,1,1,58,1,0,9,1,1,19,1,0,23,1,1,72,1,0,52,1,0,3,1,1,45,1,1,41,1,0,93,1,1,54,1,0,85,1,0,110,1,1,102,1,0,57,1,1,98,1,0,25,1,1,4,1,1,14,1,0,10
5056239063,1,1,2,1,0,19,1,1,58,1,0,54,1,1,90,1,0,9,1,1,52,1,0,23,1,0,106,1,1,16,1,1,1,1,0,76,1,1,57,1,0,25,1,0,65,1,1,74,1,0,96,1,1,102,1,0,93,1,1,73,1,1,95,1,0,72
5056254478,1,1,2,1,0,85,1,1,60,1,0,106,1,1,41,1,0,23,1,1,72,1,0,10,1,0,7,1,1,68,1,1,84,1,0,19,1,1,9,1,0,76,1,0,3,1,1,83,1,0,65,1,1,104,1,0,93,1,1,39,1,1,92,1,0,15
5056271376,1,0,25,1,1,86,1,0,23,1,1,9,1,0,60,1,1,2,1,0,97,1,1,87,1,1,100,1,0,106,1,0,93,1,1,111,1,0,76,1,1,41,1,1,4,1,0,121,1,1,58,1,0,114,1,1,65,1,0,52,1,0,101,1,1,17
5056271641,1,0,97,1,1,60,1,0,84,1,1,72,1,0,79,1,1,66,1,0,23,1,1,106,1,1,90,1,0,9,1,0,99,1,1,76,1,0,86,1,1,16,1,1,83,1,0,64,1,1,57,1,0,58,1,1,41,1,0,4,1,0,93,1,1,12
5056286885,1,0,41,1,1,58,1,0,83,1,1,52,1,0,23,1,1,19,1,0,72,1,1,102,1,1,5,1,0,85,1,0,93,1,1,76,1,0,54,1,1,104,1,1,65,1,0,25,1,1,77,1,0,29,1,1,98,1,0,39,1,0,17,1,1,13
5056288931,1,1,41,1,0,61,1,1,90,1,0,25,1,1,85,1,0,79,1,1,23,1,0,97,1,0,8,1,1,112,1,1,16,1,0,2,1,1,110,1,0,60,1,0,7,1,1,86,1,0,111,1,1,93,1,0,38,1,1,15,1,1,57,1,0,74
5056306288,1,1,97,1,0,60,1,1,90,1,0,9,1,1,91,1,0,66,1,1,23,1,0,19,1,0,38,1,1,85,1,1,98,1,0,72,1,1,106,1,0,41,1,0,112,1,1,64,1,0,8,1,1,102,1,0,89,1,1,76,1,1,42,1,0,93
5056314780,1,1,90,1,0,60,1,1,72,1,0,97,1,1,66,1,0,9,1,1,85,1,0,25,1,0,106,1,1,52,1,1,93,1,0,102,1,1,120,1,0,81,1,0,84,1,1,86,1,0,58,1,1,16,1,0,54,1,1,77,1,1,73,1,0,114
5056331324,1,1,97,1,0,9,1,1,4,1,0,85,1,1,23,1,0,90,1,1,106,1,0,72,1,0,83,1,1,64,1,1,76,1,0,18,1,1,104,1,0,79,1,0,86,1,1,119,1,0,59,1,1,35,1,0,2,1,1,65,1,1,96,1,0,129
5056346258,1,1,97,1,0,72,1,1,84,1,0,66,1,1,79,1,0,60,1,1,23,1,0,85,1,0,25,1,1,9,1,1,86,1,0,16,1,1,76,1,0,54,1,0,96,1,1,31,1,0,106,1,1,8,1,0,57,1,1,98,1,1,104,1,0,41
5056346942,1,0,85,1,1,90,1,0,99,1,1,57,1,0,102,1,1,9,1,0,23,1,1,3,1,1,16,1,0,119,1,0,52,1,1,54,1,0,81,1,1,60,1,1,25,1,0,64,1,1,93,1,0,41,1,1,82,1,0,76,1,0,45,1,1,106
5056362752,1,0,66,1,1,85,1,0,9,1,1,23,1,0,110,1,1,60,1,0,19,1,1,16,1,1,22,1,0,54,1,0,41,1,1,64,1,0,4,1,1,96,1,1,83,1,0,37,1,1,42,1,0,101,1,1,65,1,0,13,1,0,7,1,1,49
5056375240,1,1,23,1,0,58,1,1,19,1,0,65,1,1,22,1,0,9,1,1,85,1,0,90,1,0,106,1,1,79,1,1,12,1,0,76,1,1,89,1,0,41,1,0,97,1,1,25,1,0,27,1,1,72,1,0,29,1,1,8,1,1,13,1,0,67
5056378983,1,1,73,1,0,66,1,1,9,1,0,90,1,1,97,1,0,85,1,1,23,1,0,52,1,0,16,1,1,22,1,1,76,1,0,41,1,1,93,1,0,72,1,0,121,1,1,79,1,0,86,1,1,8,1,0,45,1,1,77,1,1,60,1,0,81
5056404778,1,1,97,1,0,90,1,1,86,1,0,9,1,1,23,1,0,85,1,1,72,1,0,79,1,0,96,1,1,83,1,1,4,1,0,17,1,1,35,1,0,52,1,0,25,1,1,5,1,0,54,1,1,93,1,0,28,1,1,76,1,1,38,1,0,22
5056415810,1,0,83,1,1,23,1,0,66,1,1,85,1,0,16,1,1,9,1,0,107,1,1,64,1,1,96,1,0,79,1,0,102,1,1,93,1,0,25,1,1,89,1,1,42,1,0,104,1,1,112,1,0,98,1,1,65,1,0,76,1,0,45,1,1,106
5056417468,1,0,90,1,1,16,1,0,57,1,1,85,1,0,60,1,1,99,1,0,9,1,1,102,1,1,52,1,0,93,1,0,81,1,1,3,1,0,104,1,1,23,1,1,2,1,0,79,1,1,72,1,0,88,1,1,76,1,0,82,1,0,45,1,1,19
5056431430,1,1,23,1,0,58,1,1,90,1,0,65,1,1,22,1,0,41,1,1,3,1,0,9,1,0,102,1,1,52,1,1,114,1,0,25,1,1,72,1,0,76,1,0,106,1,1,84,1,0,87,1,1,89,1,0,13,1,1,54,1,1,74,1,0,73
5056461550,1,1,52,1,0,23,1,1,25,1,0,105,1,1,102,1,0,66,1,1,60,1,0,9,1,0,19,1,1,90,1,1,85,1,0,86,1,1,79,1,0,74,1,0,8,1,1,100,1,0,31,1,1,81,1,0,106,1,1,16,1,1,39,1,0,13
5056475082,1,1,66,1,0,19,1,1,60,1,0,58,1,1,9,1,0,85,1,1,23,1,0,79,1,0,106,1,1,90,1,1,54,1,0,99,1,1,8,1,0,93,1,0,5,1,1,72,1,0,96,1,1,92,1,0,83,1,1,41,1,1,86,1,0,81
5056479937,1,1,90,1,0,66,1,1,58,1,0,41,1,1,9,1,0,72,1,1,23,1,0,85,1,0,52,1,1,5,1,1,102,1,0,65,1,1,19,1,0,54,1,0,25,1,1,86,1,0,2,1,1,96,1,0,4,1,1,89,1,1,67,1,0,42
5056487831,1,0,52,1,1,86,1,0,68,1,1,25,1,0,19,1,1,66,1,0,23,1,1,111,1,1,90,1,0,13,1,0,81,1,1,54,1,0,114,1,1,8,1,1,99,1,0,75,1,1,72,1,0,58,1,1,41,1,0,93,1,0,4,1,1,46
5056501613,1,1,60,1,0,52,1,1,9,1,0,23,1,1,66,1,0,97,1,1,90,1,0,25,1,0,19,1,1,16,1,1,2,1,0,102,1,1,54,1,0,8,1,0,5,1,1,3,1,0,104,1,1,95,1,0,76,1,1,72,1,1,74,1,0,63
5056508049,1,1,85,1,0,60,1,1,72,1,0,66,1,1,52,1,0,23,1,1,58,1,0,9,1,0,90,1,1,19,1,1,81,1,0,41,1,1,2,1,0,8,1,0,42,1,1,5,1,0,65,1,1,102,1,0,54,1,1,106,1,1,12,1,0,98
5056515491,1,1,23,1,0,58,1,1,41,1,0,9,1,1,52,1,0,66,1,1,72,1,0,97,1,0,8,1,1,112,1,1,106,1,0,104,1,1,119,1,0,57,1,0,5,1,1,7,1,0,101,1,1,45,1,0,102,1,1,19,1,1,28,1,0,74
5056526686,1,1,52,1,0,86,1,1,68,1,0,25,1,1,51,1,0,9,1,1,90,1,0,97,1,0,87,1,1,7,1,1,19,1,0,93,1,1,54,1,0,38,1,0,41,1,1,102,1,0,36,1,1,45,1,0,1,1,1,106,1,1,72,1,0,23
5056539942,1,1,90,1,0,54,1,1,72,1,0,16,1,1,102,1,0,29,1,1,85,1,0,9,1,0,2,1,1,74,1,1,23,1,0,42,1,1,41,1,0,93,1,0,19,1,1,25,1,0,81,1,1,104,1,0,95,1,1,112,1,1,44,1,0,65
5056541930,1,0,58,1,1,9,1,0,41,1,1,23,1,0,66,1,1,85,1,0,90,1,1,97,1,1,8,1,0,96,1,0,5,1,1,93,1,0,19,1,1,106,1,1,121,1,0,112,1,1,119,1,0,67,1,1,52,1,0,17,1,0,11,1,1,74
5056560905,1,1,25,1,0,90,1,1,66,1,0,60,1,1,97,1,0,9,1,1,85,1,0,72,1,0,84,1,1,23,1,1,93,1,0,42,1,1,76,1,0,54,1,0,27,1,1,41,1,0,16,1,1,86,1,0,38,1,1,114,1,1,57,1,0,59
5056563444,1,0,112,1,1,72,1,0,102,1,1,23,1,0,60,1,1,66,1,0,97,1,1,71,1,1,85,1,0,8,1,0,104,1,1,76,1,0,93,1,1,83,1,1,62,1,0,79,1,1,4,1,0,5,1,1,52,1,0,25,1,0,129,1,1,13
5056582001,1,1,90,1,0,16,1,1,102,1,0,85,1,1,72,1,0,25,1,1,9,1,0,74,1,0,23,1,1,54,1,1,41,1,0,104,1,1,93,1,0,57,1,0,79,1,1,64,1,0,8,1,1,29,1,0,43,1,1,33,1,1,52,1,0,10
5056585340,1,0,58,1,1,23,1,0,41,1,1,9,1,0,97,1,1,85,1,0,66,1,1,5,1,1,19,1,0,104,1,0,72,1,1,98,1,0,57,1,1,93,1,1,79,1,0,27,1,1,102,1,0,76,1,1,63,1,0,43,1,0,4,1,1,42
5056587231,1,0,72,1,1,71,1,0,23,1,1,85,1,0,66,1,1,89,1,0,97,1,1,60,1,1,102,1,0,110,1,0,48,1,1,8,1,0,25,1,1,41,1,1,86,1,0,64,1,1,120,1,0,106,1,1,4,1,0,1,1,0,42,1,1,93
5056590393,1,0,25,1,1,90,1,0,66,1,1,60,1,0,97,1,1,9,1,0,52,1,1,16,1,1,85,1,0,5,1,0,72,1,1,76,1,0,23,1,1,54,1,1,86,1,0,107,1,1,11,1,0,8,1,1,46,1,0,1,1,0,129,1,1,45
5056726307,1,1,97,1,0,23,1,1,103,1,0,60,1,1,79,1,0,10,1,1,9,1,0,84,1,0,25,1,1,41,1,1,89,1,0,98,1,1,12,1,0,74,1,0,72,1,1,31,1,0,7,1,1,38,1,0,52,1,1,76,1,1,19,1,0,99
5056730163,1,0,3,1,1,52,1,0,19,1,1,103,1,0,23,1,1,60,1,0,72,1,1,71,1,1,67,1,0,85,1,0,90,1,1,91,1,0,55,1,1,57,1,1,68,1,0,27,1,1,16,1,0,98,1,1,45,1,0,74,1,0,13,1,1,46
5056733056,1,1,72,1,0,60,1,1,23,1,0,41,1,1,84,1,0,79,1,1,90,1,0,9,1,0,19,1,1,99,1,1,30,1,0,12,1,1,76,1,0,26,1,0,10,1,1,27,1,0,85,1,1,65,1,0,46,1,1,54,1,1,52,1,0,22
5056737436,1,1,90,1,0,60,1,1,96,1,0,41,1,1,10,1,0,84,1,1,72,1,0,25,1,0,51,1,1,87,1,1,15,1,0,16,1,1,42,1,0,23,1,0,54,1,1,28,1,0,31,1,1,46,1,0,27,1,1,40,1,1,86,1,0,106
5056782301,1,1,23,1,0,103,1,1,10,1,0,97,1,1,60,1,0,84,1,1,90,1,0,79,1,0,72,1,1,106,1,1,98,1,0,96,1,1,16,1,0,8,1,0,52,1,1,86,1,0,102,1,1,41,1,0,78,1,1,59,1,1,7,1,0,43
5056789044,1,0,72,1,1,60,1,0,10,1,1,41,1,0,19,1,1,84,1,0,90,1,1,16,1,1,25,1,0,106,1,0,79,1,1,46,1,0,23,1,1,2,1,1,31,1,0,86,1,1,8,1,0,96,1,1,74,1,0,22,1,0,45,1,1,113
5056798735,1,0,96,1,1,60,1,0,90,1,1,41,1,0,51,1,1,25,1,0,7,1,1,84,1,1,10,1,0,68,1,0,9,1,1,76,1,0,86,1,1,12,1,1,65,1,0,27,1,1,19,1,0,89,1,1,23,1,0,52,1,0,22,1,1,106
5056825251,1,0,3,1,1,52,1,0,19,1,1,60,1,0,23,1,1,103,1,0,72,1,1,90,1,1,67,1,0,85,1,0,16,1,1,98,1,0,55,1,1,13,1,1,101,1,0,33,1,1,84,1,0,96,1,1,45,1,0,74,1,0,106,1,1,22
5056855686,1,0,79,1,1,9,1,0,84,1,1,60,1,0,7,1,1,90,1,0,25,1,1,72,1,1,37,1,0,51,1,0,27,1,1,41,1,0,81,1,1,22,1,1,16,1,0,112,1,1,52,1,0,4,1,1,15,1,0,46,1,0,74,1,1,17
5056888792,1,1,83,1,0,41,1,1,25,1,0,23,1,1,7,1,0,10,1,1,97,1,0,16,1,0,9,1,1,102,1,1,93,1,0,106,1,1,72,1,0,52,1,0,73,1,1,86,1,0,84,1,1,44,1,0,19,1,1,39,1,1,11,1,0,61
5056889702,1,0,76,1,1,52,1,0,46,1,1,60,1,0,74,1,1,23,1,0,25,1,1,84,1,1,9,1,0,102,1,0,93,1,1,15,1,0,72,1,1,79,1,1,41,1,0,90,1,1,57,1,0,10,1,1,106,1,0,45,1,0,27,1,1,61
5056931174,1,1,84,1,0,72,1,1,65,1,0,90,1,1,25,1,0,9,1,1,60,1,0,23,1,0,74,1,1,76,1,1,61,1,0,102,1,1,39,1,0,19,1,0,85,1,1,33,1,0,45,1,1,104,1,0,64,1,1,89,1,1,66,1,0,67
5056943803,1,0,9,1,1,79,1,0,90,1,1,7,1,0,51,1,1,25,1,0,60,1,1,19,1,1,64,1,0,72,1,0,41,1,1,23,1,0,4,1,1,86,1,1,77,1,0,31,1,1,101,1,0,103,1,1,13,1,0,74,1,0,106,1,1,10
5056954434,1,1,41,1,0,83,1,1,10,1,0,25,1,1,23,1,0,97,1,1,19,1,0,60,1,0,90,1,1,16,1,1,8,1,0,93,1,1,54,1,0,110,1,0,86,1,1,3,1,0,12,1,1,67,1,0,52,1,1,76,1,1,4,1,0,17
5056965582,1,0,52,1,1,60,1,0,96,1,1,25,1,0,102,1,1,41,1,0,84,1,1,3,1,1,72,1,0,93,1,0,104,1,1,11,1,0,2,1,1,45,1,1,7,1,0,86,1,1,101,1,0,108,1,1,15,1,0,35,1,0,76,1,1,113
5056991805,1,1,65,1,0,72,1,1,23,1,0,90,1,1,76,1,0,84,1,1,9,1,0,19,1,0,79,1,1,102,1,1,93,1,0,60,1,1,52,1,0,89,1,0,41,1,1,85,1,0,68,1,1,46,1,0,106,1,1,29,1,1,77,1,0,2
5057040052,1,0,60,1,1,102,1,0,19,1,1,41,1,0,23,1,1,90,1,0,9,1,1,84,1,1,72,1,0,103,1,0,25,1,1,46,1,0,86,1,1,54,1,1,96,1,0,7,1,1,26,1,0,10,1,1,106,1,0,76,1,0,74,1,1,22
5057042713,1,1,90,1,0,60,1,1,86,1,0,25,1,1,79,1,0,38,1,1,84,1,0,9,1,0,41,1,1,52,1,1,22,1,0,62,1,1,51,1,0,46,1,0,31,1,1,2,1,0,96,1,1,101,1,0,54,1,1,45,1,1,70,1,0,40
5057044468,1,1,103,1,0,97,1,1,23,1,0,83,1,1,7,1,0,60,1,1,90,1,0,79,1,0,9,1,1,89,1,1,52,1,0,110,1,1,73,1,0,28,1,0,96,1,1,33,1,0,12,1,1,99,1,0,50,1,1,76,1,1,106,1,0,74
5057068329,1,1,16,1,0,19,1,1,41,1,0,90,1,1,9,1,0,60,1,1,52,1,0,84,1,0,72,1,1,23,1,1,88,1,0,10,1,1,76,1,0,103,1,0,102,1,1,79,1,0,86,1,1,71,1,0,89,1,1,1,1,1,55,1,0,106
5057097966,1,1,52,1,0,72,1,1,19,1,0,83,1,1,85,1,0,23,1,1,86,1,0,9,1,0,41,1,1,38,1,1,102,1,0,77,1,1,57,1,0,89,1,0,79,1,1,37,1,0,29,1,1,76,1,0,67,1,1,35,1,1,93,1,0,45
5057099866,1,1,104,1,0,23,1,1,41,1,0,72,1,1,66,1,0,97,1,1,9,1,0,85,1,0,106,1,1,16,1,1,7,1,0,76,1,1,57,1,0,82,1,0,86,1,1,79,1,0,28,1,1,89,1,0,74,1,1,80,1,1,11,1,0,52
5057121172,1,1,97,1,0,103,1,1,33,1,0,90,1,1,84,1,0,7,1,1,60,1,0,110,1,0,83,1,1,52,1,1,67,1,0,89,1,1,54,1,0,73,1,0,72,1,1,31,1,0,104,1,1,41,1,0,25,1,1,61,1,1,76,1,0,45
5057129039,1,1,102,1,0,19,1,1,41,1,0,60,1,1,90,1,0,72,1,1,9,1,0,84,1,0,25,1,1,3,1,1,46,1,0,22,1,1,76,1,0,106,1,0,23,1,1,7,1,0,10,1,1,12,1,0,17,1,1,29,1,1,52,1,0,2
5057130508,1,0,90,1,1,60,1,0,41,1,1,25,1,0,10,1,1,72,1,0,7,1,1,96,1,1,86,1,0,37,1,0,22,1,1,62,1,0,40,1,1,28,1,1,31,1,0,101,1,1,42,1,0,23,1,1,89,1,0,15,1,0,46,1,1,106
5057145606,1,1,16,1,0,19,1,1,41,1,0,90,1,1,72,1,0,9,1,1,84,1,0,85,1,0,13,1,1,52,1,1,23,1,0,10,1,1,93,1,0,60,1,0,106,1,1,27,1,0,5,1,1,73,1,0,102,1,1,114,1,1,104,1,0,8
5057188028,1,1,112,1,0,41,1,1,79,1,0,23,1,1,9,1,0,85,1,1,66,1,0,72,1,0,64,1,1,97,1,1,2,1,0,8,1,1,96,1,0,54,1,0,120,1,1,86,1,0,13,1,1,1,1,0,104,1,1,28,1,1,25,1,0,44
5057188466,1,1,23,1,0,97,1,1,85,1,0,104,1,1,52,1,0,66,1,1,84,1,0,72,1,0,57,1,1,106,1,1,82,1,0,47,1,1,31,1,0,76,1,0,86,1,1,121,1,0,30,1,1,80,1,0,60,1,1,54,1,1,83,1,0,43
5057190706,1,1,60,1,0,72,1,1,2,1,0,85,1,1,41,1,0,106,1,1,19,1,0,52,1,0,96,1,1,54,1,1,15,1,0,76,1,1,10,1,0,82,1,0,112,1,1,90,1,0,8,1,1,74,1,0,86,1,1,61,1,1,30,1,0,23
5057197247,1,0,23,1,1,25,1,0,68,1,1,97,1,0,60,1,1,73,1,0,83,1,1,103,1,1,72,1,0,41,1,0,79,1,1,101,1,0,76,1,1,74,1,1,52,1,0,16,1,1,102,1,0,19,1,1,61,1,0,98,1,0,86,1,1,89
5057198581,1,1,38,1,0,79,1,1,72,1,0,52,1,1,83,1,0,19,1,1,23,1,0,86,1,0,96,1,1,85,1,1,76,1,0,9,1,1,106,1,0,41,1,0,37,1,1,119,1,0,8,1,1,2,1,0,54,1,1,36,1,1,15,1,0,17
5057206152,1,0,41,1,1,60,1,0,7,1,1,102,1,0,72,1,1,52,1,0,25,1,1,96,1,1,86,1,0,54,1,0,22,1,1,2,1,0,10,1,1,23,1,1,3,1,0,79,1,1,44,1,0,29,1,1,106,1,0,35,1,0,11,1,1,15
5057218392,1,0,79,1,1,9,1,0,90,1,1,60,1,0,19,1,1,52,1,0,25,1,1,84,1,1,41,1,0,7,1,0,74,1,1,77,1,0,102,1,1,23,1,1,101,1,0,111,1,1,16,1,0,1,1,1,45,1,0,46,1,0,86,1,1,35
5057250978,1,0,25,1,1,9,1,0,23,1,1,84,1,0,19,1,1,103,1,0,90,1,1,52,1,1,16,1,0,99,1,0,79,1,1,41,1,0,8,1,1,54,1,1,68,1,0,86,1,1,67,1,0,96,1,1,76,1,0,74,1,0,17,1,1,46
5057272837,1,1,97,1,0,9,1,1,52,1,0,23,1,1,86,1,0,29,1,1,79,1,0,66,1,0,41,1,1,112,1,1,25,1,0,1,1,1,38,1,0,89,1,0,60,1,1,102,1,0,101,1,1,73,1,0,43,1,1,98,1,1,19,1,0,34
5057286875,1,0,79,1,1,52,1,0,72,1,1,23,1,0,86,1,1,19,1,0,90,1,1,41,1,1,57,1,0,7,1,0,59,1,1,12,1,0,39,1,1,76,1,1,64,1,0,110,1,1,26,1,0,99,1,1,106,1,0,47,1,0,36,1,1,35
5057289838,1,0,60,1,1,83,1,0,68,1,1,97,1,0,76,1,1,73,1,0,23,1,1,25,1,1,102,1,0,84,1,0,41,1,1,10,1,0,89,1,1,93,1,1,3,1,0,104,1,1,72,1,0,12,1,1,86,1,0,7,1,0,101,1,1,98
5057290939,1,1,97,1,0,72,1,1,41,1,0,85,1,1,54,1,0,83,1,1,19,1,0,23,1,0,9,1,1,73,1,1,68,1,0,79,1,1,93,1,0,57,1,0,5,1,1,111,1,0,8,1,1,15,1,0,38,1,1,39,1,1,120,1,0,76
5057297643,1,0,41,1,1,60,1,0,90,1,1,9,1,0,25,1,1,19,1,0,84,1,1,7,1,1,22,1,0,51,1,0,10,1,1,74,1,0,23,1,1,77,1,1,83,1,0,52,1,1,43,1,0,72,1,1,27,1,0,4,1,0,46,1,1,15
5057303338,1,0,102,1,1,60,1,0,52,1,1,41,1,0,96,1,1,72,1,0,7,1,1,86,1,1,23,1,0,10,1,0,68,1,1,84,1,0,76,1,1,101,1,1,75,1,0,9,1,1,67,1,0,3,1,1,15,1,0,22,1,0,25,1,1,97
5057306239,1,1,79,1,0,2,1,1,19,1,0,60,1,1,72,1,0,52,1,1,85,1,0,5,1,0,106,1,1,76,1,1,113,1,0,41,1,1,45,1,0,104,1,0,121,1,1,26,1,0,38,1,1,8,1,0,57,1,1,61,1,1,96,1,0,82
5057354223,1,0,16,1,1,9,1,0,25,1,1,84,1,0,90,1,1,79,1,0,23,1,1,19,1,1,3,1,0,74,1,0,67,1,1,41,1,0,54,1,1,96,1,1,93,1,0,64,1,1,104,1,0,76,1,1,72,1,0,45,1,0,14,1,1,46
5057390704,1,1,119,1,0,38,1,1,77,1,0,9,1,1,23,1,0,106,1,1,72,1,0,19,1,0,41,1,1,83,1,1,64,1,0,96,1,1,68,1,0,112,1,0,110,1,1,5,1,0,111,1,1,60,1,0,89,1,1,59,1,1,73,1,0,46
5057396349,1,0,90,1,1,9,1,0,19,1,1,60,1,0,61,1,1,84,1,0,79,1,1,72,1,1,66,1,0,25,1,0,106,1,1,29,1,0,96,1,1,10,1,1,86,1,0,2,1,1,62,1,0,41,1,1,22,1,0,46,1,0,74,1,1,23
5057396419,1,1,72,1,0,41,1,1,83,1,0,97,1,1,85,1,0,68,1,1,23,1,0,73,1,0,19,1,1,9,1,1,57,1,0,93,1,1,79,1,0,65,1,0,121,1,1,84,1,0,38,1,1,54,1,0,76,1,1,15,1,1,102,1,0,106
5057408650,1,1,112,1,0,23,1,1,107,1,0,90,1,1,79,1,0,57,1,1,41,1,0,9,1,0,84,1,1,102,1,1,89,1,0,16,1,1,111,1,0,43,1,0,55,1,1,64,1,0,72,1,1,74,1,0,25,1,1,61,1,1,52,1,0,42
5057409118,1,1,83,1,0,10,1,1,79,1,0,90,1,1,72,1,0,60,1,1,97,1,0,57,1,0,41,1,1,86,1,1,101,1,0,44,1,1,68,1,0,102,1,0,103,1,1,96,1,0,27,1,1,106,1,0,76,1,1,74,1,1,8,1,0,50
5057418027,1,0,41,1,1,60,1,0,84,1,1,25,1,0,79,1,1,46,1,0,86,1,1,3,1,1,72,1,0,51,1,0,106,1,1,22,1,0,93,1,1,62,1,1,9,1,0,87,1,1,16,1,0,10,1,1,7,1,0,76,1,0,23,1,1,52
5057418489,1,0,72,1,1,23,1,0,52,1,1,90,1,0,19,1,1,86,1,0,57,1,1,79,1,1,15,1,0,41,1,0,12,1,1,64,1,0,96,1,1,85,1,1,87,1,0,16,1,1,45,1,0,25,1,1,35,1,0,2,1,0,120,1,1,108
5057475595,1,0,41,1,1,60,1,0,84,1,1,90,1,0,16,1,1,102,1,0,72,1,1,19,1,1,79,1,0,91,1,0,10,1,1,104,1,0,23,1,1,57,1,1,106,1,0,27,1,1,2,1,0,76,1,1,38,1,0,61,1,0,108,1,1,35
5057479474,1,0,19,1,1,90,1,0,84,1,1,79,1,0,60,1,1,25,1,0,9,1,1,86,1,1,23,1,0,96,1,0,10,1,1,54,1,0,72,1,1,41,1,1,85,1,0,31,1,1,4,1,0,106,1,1,81,1,0,76,1,0,8,1,1,2
5057495528,1,0,61,1,1,23,1,0,25,1,1,66,1,0,79,1,1,72,1,0,19,1,1,97,1,1,41,1,0,57,1,0,85,1,1,73,1,0,84,1,1,67,1,1,86,1,0,121,1,1,68,1,0,18,1,1,107,1,0,76,1,0,83,1,1,98
5057509011,1,1,10,1,0,90,1,1,23,1,0,97,1,1,86,1,0,60,1,1,79,1,0,9,1,0,84,1,1,89,1,1,52,1,0,33,1,1,12,1,0,99,1,0,106,1,1,22,1,0,16,1,1,38,1,0,25,1,1,41,1,1,50,1,0,73
5057512571,1,1,38,1,0,23,1,1,9,1,0,72,1,1,96,1,0,19,1,1,106,1,0,85,1,0,52,1,1,111,1,1,16,1,0,65,1,1,102,1,0,86,1,0,2,1,1,83,1,0,25,1,1,61,1,0,104,1,1,73,1,1,36,1,0,82
5057530479,1,1,84,1,0,23,1,1,38,1,0,41,1,1,97,1,0,9,1,1,72,1,0,86,1,0,104,1,1,19,1,1,54,1,0,102,1,1,85,1,0,57,1,0,64,1,1,31,1,0,42,1,1,29,1,0,74,1,1,76,1,1,95,1,0,43
5057548309,1,0,41,1,1,60,1,0,72,1,1,25,1,0,52,1,1,46,1,0,7,1,1,68,1,1,9,1,0,62,1,0,22,1,1,111,1,0,28,1,1,101,1,1,19,1,0,64,1,1,106,1,0,76,1,1,27,1,0,61,1,0,5,1,1,94
5057556584,1,1,90,1,0,52,1,1,79,1,0,23,1,1,72,1,0,112,1,1,9,1,0,97,1,0,8,1,1,41,1,1,31,1,0,2,1,1,85,1,0,68,1,0,20,1,1,64,1,0,119,1,1,57,1,0,49,1,1,35,1,1,43,1,0,13
5057599415,1,1,25,1,0,41,1,1,61,1,0,97,1,1,72,1,0,23,1,1,19,1,0,84,1,0,110,1,1,85,1,1,73,1,0,89,1,1,106,1,0,57,1,0,7,1,1,104,1,0,98,1,1,10,1,0,86,1,1,76,1,1,74,1,0,53
5057627964,1,0,102,1,1,41,1,0,90,1,1,52,1,0,99,1,1,19,1,0,79,1,1,89,1,1,119,1,0,104,1,0,76,1,1,25,1,0,60,1,1,10,1,1,64,1,0,9,1,1,7,1,0,72,1,1,23,1,0,74,1,0,106,1,1,22
5057643121,1,1,9,1,0,90,1,1,79,1,0,23,1,1,60,1,0,85,1,1,97,1,0,112,1,0,41,1,1,8,1,1,57,1,0,19,1,1,39,1,0,83,1,0,86,1,1,101,1,0,2,1,1,45,1,0,106,1,1,35,1,1,14,1,0,43
5057658837,1,1,52,1,0,90,1,1,79,1,0,23,1,1,57,1,0,97,1,1,72,1,0,85,1,0,9,1,1,3,1,1,15,1,0,106,1,1,76,1,0,89,1,0,41,1,1,7,1,0,29,1,1,53,1,0,39,1,1,43,1,1,70,1,0,86
5057662816,1,0,103,1,1,83,1,0,60,1,1,97,1,0,76,1,1,89,1,0,7,1,1,68,1,1,41,1,0,10,1,0,25,1,1,19,1,0,74,1,1,102,1,1,107,1,0,79,1,1,38,1,0,23,1,1,104,1,0,17,1,0,16,1,1,98
5057678163,1,1,52,1,0,85,1,1,79,1,0,72,1,1,2,1,0,23,1,1,103,1,0,60,1,0,112,1,1,9,1,1,102,1,0,89,1,1,41,1,0,82,1,0,83,1,1,4,1,0,106,1,1,59,1,0,65,1,1,47,1,1,104,1,0,43
5057682440,1,1,52,1,0,72,1,1,9,1,0,90,1,1,97,1,0,60,1,1,23,1,0,25,1,0,16,1,1,86,1,1,41,1,0,58,1,1,93,1,0,106,1,0,85,1,1,66,1,0,54,1,1,96,1,0,73,1,1,76,1,1,81,1,0,65
5057696126,1,0,111,1,1,25,1,0,19,1,1,16,1,0,23,1,1,86,1,0,90,1,1,5,1,1,102,1,0,99,1,0,8,1,1,41,1,0,4,1,1,50,1,1,54,1,0,21,1,1,88,1,0,95,1,1,43,1,0,17,1,0,104,1,1,93
5057710883,1,1,41,1,0,60,1,1,72,1,0,7,1,1,52,1,0,25,1,1,86,1,0,9,1,0,84,1,1,62,1,1,22,1,0,76,1,1,28,1,0,114,1,0,102,1,1,121,1,0,106,1,1,46,1,0,96,1,1,40,1,1,2,1,0,93
5057742059,1,1,41,1,0,52,1,1,84,1,0,57,1,1,23,1,0,85,1,1,97,1,0,9,1,0,2,1,1,31,1,1,72,1,0,8,1,1,93,1,0,54,1,0,42,1,1,90,1,0,79,1,1,81,1,0,106,1,1,17,1,1,47,1,0,74
5057762420,1,1,83,1,0,86,1,1,38,1,0,79,1,1,72,1,0,25,1,1,23,1,0,57,1,0,9,1,1,41,1,1,76,1,0,43,1,1,106,1,0,39,1,0,3,1,1,84,1,0,15,1,1,13,1,0,120,1,1,82,1,1,52,1,0,8
5057764168,1,1,85,1,0,9,1,1,90,1,0,23,1,1,97,1,0,60,1,1,79,1,0,66,1,0,86,1,1,19,1,1,98,1,0,73,1,1,72,1,0,54,1,0,96,1,1,112,1,0,4,1,1,99,1,0,41,1,1,47,1,1,67,1,0,34
5057770540,1,0,3,1,1,52,1,0,19,1,1,72,1,0,67,1,1,103,1,0,84,1,1,33,1,1,60,1,0,9,1,0,85,1,1,79,1,0,93,1,1,73,1,1,90,1,0,86,1,1,12,1,0,106,1,1,96,1,0,74,1,0,99,1,1,46
5057778010,1,1,9,1,0,72,1,1,97,1,0,90,1,1,52,1,0,60,1,1,23,1,0,16,1,0,25,1,1,86,1,1,85,1,0,58,1,1,54,1,0,96,1,0,31,1,1,66,1,0,8,1,1,93,1,0,2,1,1,76,1,1,120,1,0,106
5057790824,1,1,91,1,0,60,1,1,90,1,0,19,1,1,97,1,0,9,1,1,85,1,0,25,1,0,16,1,1,86,1,1,72,1,0,23,1,1,121,1,0,41,1,0,3,1,1,31,1,0,54,1,1,8,1,0,28,1,1,61,1,0,104,0,,
5057791510,1,0,41,1,1,58,1,0,66,1,1,90,1,0,16,1,1,85,1,0,23,1,1,79,1,1,9,1,0,83,1,0,93,1,1,52,1,0,42,1,1,89,1,1,54,1,0,5,1,1,2,1,0,28,1,1,72,1,0,76,1,0,67,1,1,47
5057793436,1,0,102,1,1,60,1,0,23,1,1,25,1,0,52,1,1,9,1,0,84,1,1,79,1,1,72,1,0,10,1,0,76,1,1,7,1,0,27,1,1,86,1,1,101,1,0,51,1,1,16,1,0,22,1,1,119,1,0,61,1,0,40,1,1,17
5057799853,1,1,25,1,0,111,1,1,21,1,0,90,1,1,16,1,0,102,1,1,19,1,0,99,1,0,43,1,1,72,1,1,54,1,0,88,1,1,41,1,0,93,1,0,5,1,1,91,1,0,17,1,1,36,1,0,82,1,1,1,1,1,114,1,0,8
5057808195,1,1,4,1,0,9,1,1,23,1,0,85,1,1,72,1,0,60,1,1,112,1,0,103,1,0,86,1,1,106,1,1,76,1,0,83,1,1,59,1,0,65,1,0,104,1,1,2,1,0,114,1,1,110,1,0,43,1,1,42,1,1,41,1,0,75
5057858999,1,1,9,1,0,91,1,1,85,1,0,90,1,1,60,1,0,97,1,1,19,1,0,3,1,0,100,1,1,23,1,1,76,1,0,121,1,1,41,1,0,89,1,0,99,1,1,5,1,0,4,1,1,65,1,0,114,1,1,106,1,1,81,1,0,17
5057872619,1,1,25,1,0,83,1,1,86,1,0,38,1,1,79,1,0,72,1,1,9,1,0,23,1,0,41,1,1,57,1,1,68,1,0,76,1,1,43,1,0,82,1,0,84,1,1,3,1,0,13,1,1,15,1,0,93,1,1,39,1,1,8,1,0,35
5057881723,1,1,25,1,0,105,1,1,74,1,0,97,1,1,23,1,0,90,1,1,60,1,0,58,1,0,19,1,1,84,1,1,89,1,0,54,1,1,77,1,0,67,1,0,83,1,1,119,1,0,41,1,1,81,1,0,13,1,1,52,1,1,45,1,0,7
5057884247,1,1,66,1,0,25,1,1,90,1,0,23,1,1,86,1,0,102,1,1,9,1,0,52,1,0,5,1,1,16,1,1,85,1,0,41,1,1,8,1,0,4,1,0,93,1,1,87,1,0,60,1,1,81,1,0,45,1,1,82,1,1,43,1,0,79
5057889836,1,1,58,1,0,72,1,1,90,1,0,9,1,1,23,1,0,16,1,1,85,1,0,41,1,0,5,1,1,42,1,1,65,1,0,112,1,1,19,1,0,96,1,0,13,1,1,86,1,0,110,1,1,97,1,0,106,1,1,76,1,1,104,1,0,98
5057891693,1,1,66,1,0,9,1,1,112,1,0,23,1,1,89,1,0,41,1,1,90,1,0,97,1,0,8,1,1,2,1,1,79,1,0,106,1,1,85,1,0,42,1,0,31,1,1,27,1,0,100,1,1,93,1,0,25,1,1,45,1,1,52,1,0,13
5057898772,1,1,82,1,0,106,1,1,121,1,0,72,1,1,84,1,0,85,1,1,90,1,0,5,1,0,8,1,1,2,1,1,76,1,0,9,1,1,16,1,0,52,1,0,79,1,1,19,1,0,96,1,1,17,1,0,54,1,1,73,1,1,109,1,0,74
5057900677,1,1,84,1,0,52,1,1,41,1,0,85,1,1,23,1,0,9,1,1,97,1,0,2,1,0,105,1,1,31,1,1,93,1,0,89,1,1,72,1,0,8,1,0,42,1,1,86,1,0,90,1,1,106,1,0,54,1,1,76,1,1,82,1,0,7
5057933901,1,0,79,1,1,23,1,0,86,1,1,90,1,0,57,1,1,52,1,0,72,1,1,19,1,1,41,1,0,3,1,0,108,1,1,76,1,0,96,1,1,89,1,1,102,1,0,121,1,1,101,1,0,14,1,1,45,1,0,34,1,0,49,1,1,106
5057939248,1,1,58,1,0,85,1,1,97,1,0,66,1,1,9,1,0,19,1,1,23,1,0,79,1,0,106,1,1,41,1,1,102,1,0,101,1,1,42,1,0,64,1,0,5,1,1,104,1,0,57,1,1,110,1,0,83,1,1,93,1,1,30,1,0,18
5057948796,1,1,105,1,0,97,1,1,60,1,0,23,1,1,119,1,0,25,1,1,90,1,0,102,1,0,52,1,1,106,1,1,76,1,0,74,1,1,59,1,0,41,1,0,86,1,1,54,1,0,10,1,1,2,1,0,68,1,1,45,1,1,26,1,0,84
5057956878,1,0,102,1,1,97,1,0,85,1,1,5,1,0,98,1,1,58,1,0,23,1,1,79,1,1,93,1,0,41,1,0,104,1,1,101,1,0,14,1,1,64,1,1,83,1,0,121,1,1,38,1,0,66,1,1,57,1,0,45,1,0,52,1,1,120
5057960259,1,1,66,1,0,25,1,1,90,1,0,23,1,1,86,1,0,102,1,1,9,1,0,52,1,0,5,1,1,16,1,1,85,1,0,41,1,1,8,1,0,4,1,0,93,1,1,87,1,0,60,1,1,81,1,0,45,1,1,82,1,1,43,1,0,79
5057965295,1,1,90,1,0,72,1,1,2,1,0,106,1,1,52,1,0,82,1,1,85,1,0,9,1,0,84,1,1,19,1,1,54,1,0,89,1,1,76,1,0,112,1,0,41,1,1,79,1,0,64,1,1,42,1,0,23,1,1,74,1,1,25,1,0,17
5057991418,1,1,61,1,0,85,1,1,25,1,0,41,1,1,79,1,0,23,1,1,72,1,0,14,1,0,21,1,1,84,1,1,93,1,0,16,1,1,54,1,0,105,1,0,51,1,1,83,1,0,11,1,1,15,1,0,110,1,1,89,1,1,40,1,0,56
5058007074,1,1,23,1,0,66,1,1,9,1,0,52,1,1,2,1,0,97,1,1,79,1,0,103,1,0,72,1,1,41,1,1,29,1,0,43,1,1,112,1,0,39,1,0,86,1,1,30,1,0,16,1,1,96,1,0,25,1,1,98,1,1,19,1,0,4
5058011356,1,1,90,1,0,9,1,1,25,1,0,52,1,1,85,1,0,60,1,1,16,1,0,19,1,0,64,1,1,86,1,1,41,1,0,73,1,1,1,1,0,121,1,0,99,1,1,68,1,0,4,1,1,81,1,0,74,1,1,65,1,1,43,1,0,34
5058013905,1,0,97,1,1,23,1,0,5,1,1,102,1,0,60,1,1,66,1,0,72,1,1,41,1,1,101,1,0,111,1,0,38,1,1,77,1,0,74,1,1,98,1,1,104,1,0,45,1,1,121,1,0,19,1,1,14,1,0,49,1,0,69,1,1,106
5058022175,1,0,90,1,1,25,1,0,60,1,1,86,1,0,19,1,1,16,1,0,85,1,1,5,1,1,72,1,0,13,1,0,52,1,1,54,1,0,23,1,1,10,1,1,88,1,0,84,1,1,53,1,0,18,1,1,59,1,0,61,1,0,80,1,1,46
5058028234,1,0,106,1,1,54,1,0,83,1,1,4,1,0,41,1,1,72,1,0,85,1,1,23,1,1,5,1,0,9,1,0,102,1,1,76,1,0,104,1,1,59,1,1,119,1,0,19,1,1,2,1,0,114,1,1,43,1,0,63,1,0,22,1,1,67
5058028759,1,0,79,1,1,23,1,0,86,1,1,90,1,0,57,1,1,41,1,0,72,1,1,52,1,1,19,1,0,85,1,0,108,1,1,9,1,0,12,1,1,5,1,1,66,1,0,121,1,1,106,1,0,76,1,1,96,1,0,35,1,0,7,1,1,34
5058033110,1,1,97,1,0,85,1,1,58,1,0,66,1,1,9,1,0,23,1,1,19,1,0,41,1,0,102,1,1,93,1,1,76,1,0,5,1,1,79,1,0,57,1,0,104,1,1,101,1,0,121,1,1,2,1,0,86,1,1,98,1,1,112,1,0,72
5058075772,1,1,97,1,0,60,1,1,66,1,0,9,1,1,112,1,0,41,1,1,72,1,0,23,1,0,84,1,1,85,1,1,25,1,0,104,1,1,4,1,0,98,1,0,101,1,1,74,1,0,52,1,1,2,1,0,43,1,1,89,1,1,1,1,0,82
5058075836,1,0,16,1,1,60,1,0,9,1,1,66,1,0,19,1,1,52,1,0,90,1,1,107,1,1,5,1,0,23,1,0,76,1,1,83,1,0,54,1,1,41,1,1,93,1,0,104,1,1,25,1,0,67,1,1,37,1,0,96,1,0,121,1,1,98
5058080692,1,0,86,1,1,90,1,0,5,1,1,88,1,0,16,1,1,102,1,0,25,1,1,96,1,1,9,1,0,32,1,0,41,1,1,97,1,0,67,1,1,57,1,1,79,1,0,100,1,1,81,1,0,29,1,1,54,1,0,76,1,0,7,1,1,36
5058088543,1,1,16,1,0,90,1,1,52,1,0,85,1,1,86,1,0,25,1,1,9,1,0,102,1,0,74,1,1,23,1,1,73,1,0,99,1,1,81,1,0,93,1,0,112,1,1,31,1,0,5,1,1,2,1,0,1,1,1,54,1,1,89,1,0,72
5058089621,1,1,61,1,0,72,1,1,25,1,0,41,1,1,79,1,0,85,1,1,23,1,0,84,1,0,9,1,1,102,1,1,98,1,0,77,1,1,54,1,0,107,1,0,7,1,1,86,1,0,10,1,1,93,1,0,76,1,1,59,1,1,60,1,0,32
5058096783,1,1,66,1,0,90,1,1,60,1,0,58,1,1,9,1,0,65,1,1,23,1,0,106,1,0,97,1,1,86,1,1,8,1,0,76,1,1,41,1,0,42,1,0,5,1,1,3,1,0,79,1,1,95,1,0,29,1,1,89,1,1,102,1,0,4
5058102232,1,0,106,1,1,4,1,0,83,1,1,54,1,0,79,1,1,72,1,0,85,1,1,23,1,1,119,1,0,86,1,0,41,1,1,59,1,0,2,1,1,76,1,1,19,1,0,104,1,1,90,1,0,8,1,1,43,1,0,95,1,0,22,1,1,44
5058125302,1,1,66,1,0,60,1,1,97,1,0,9,1,1,112,1,0,41,1,1,23,1,0,85,1,0,86,1,1,84,1,1,98,1,0,72,1,1,4,1,0,104,1,0,29,1,1,25,1,0,106,1,1,93,1,0,16,1,1,76,1,1,111,1,0,12
5058131204,1,1,97,1,0,66,1,1,90,1,0,60,1,1,9,1,0,102,1,1,23,1,0,52,1,0,2,1,1,85,1,1,20,1,0,120,1,1,19,1,0,41,1,0,65,1,1,25,1,0,79,1,1,54,1,0,16,1,1,10,1,1,84,1,0,89
5058132087,1,1,111,1,0,102,1,1,60,1,0,16,1,1,52,1,0,25,1,1,90,1,0,72,1,0,84,1,1,23,1,1,8,1,0,99,1,1,2,1,0,41,1,0,7,1,1,43,1,0,101,1,1,54,1,0,45,1,1,10,1,1,19,1,0,93
5058139038,1,0,16,1,1,60,1,0,9,1,1,66,1,0,19,1,1,23,1,0,90,1,1,71,1,1,36,1,0,52,1,0,55,1,1,79,1,0,88,1,1,42,1,1,64,1,0,104,1,1,54,1,0,41,1,1,31,1,0,46,1,0,91,1,1,45
5058157203,1,1,66,1,0,90,1,1,9,1,0,86,1,1,60,1,0,58,1,1,23,1,0,106,1,0,3,1,1,97,1,1,41,1,0,8,1,1,19,1,0,42,1,0,27,1,1,102,1,0,98,1,1,93,1,0,121,1,1,4,1,1,65,1,0,63
5058174630,1,0,9,1,1,23,1,0,58,1,1,102,1,0,106,1,1,97,1,0,60,1,1,41,1,1,110,1,0,66,1,0,19,1,1,77,1,0,74,1,1,89,1,1,96,1,0,121,1,1,25,1,0,14,1,1,54,1,0,61,1,0,43,1,1,86
5058186582,1,1,3,1,0,9,1,1,41,1,0,60,1,1,72,1,0,23,1,1,85,1,0,102,1,0,86,1,1,104,1,1,66,1,0,93,1,1,77,1,0,121,1,0,84,1,1,79,1,0,42,1,1,19,1,0,105,1,1,98,1,1,109,1,0,76
5058187459,1,0,93,1,1,102,1,0,111,1,1,16,1,0,52,1,1,25,1,0,72,1,1,90,1,1,7,1,0,86,1,0,81,1,1,76,1,0,10,1,1,60,1,1,84,1,0,85,1,1,8,1,0,57,1,1,59,1,0,106,1,0,46,1,1,17
5058208463,1,0,66,1,1,23,1,0,102,1,1,52,1,0,97,1,1,42,1,0,72,1,1,5,1,1,19,1,0,85,1,0,65,1,1,98,1,0,77,1,1,104,1,1,41,1,0,86,1,1,64,1,0,14,1,1,76,1,0,58,1,0,81,1,1,16
5058209299,1,1,66,1,0,52,1,1,60,1,0,9,1,1,102,1,0,23,1,1,90,1,0,72,1,0,85,1,1,74,1,1,19,1,0,89,1,1,25,1,0,106,1,0,120,1,1,2,1,0,100,1,1,81,1,0,17,1,1,13,1,1,79,1,0,34
5058216603,1,1,97,1,0,85,1,1,41,1,0,23,1,1,9,1,0,19,1,1,66,1,0,14,1,0,71,1,1,104,1,1,55,1,0,98,1,1,72,1,0,79,1,0,5,1,1,86,1,0,62,1,1,76,1,0,93,1,1,45,1,1,120,1,0,53
5058228116,1,1,86,1,0,90,1,1,97,1,0,33,1,1,66,1,0,38,1,1,25,1,0,5,1,0,72,1,1,23,1,1,59,1,0,65,1,1,13,1,0,54,1,0,19,1,1,64,1,0,58,1,1,8,1,0,16,1,1,36,1,1,2,1,0,98
5058233930,1,0,104,1,1,90,1,0,75,1,1,66,1,0,54,1,1,23,1,0,14,1,1,85,1,1,93,1,0,25,1,0,102,1,1,4,1,0,65,1,1,41,1,1,71,1,0,7,1,1,105,1,0,10,1,1,82,1,0,76,1,0,53,1,1,46
5058242717,1,0,58,1,1,66,1,0,41,1,1,23,1,0,104,1,1,9,1,0,106,1,1,97,1,1,8,1,0,3,1,0,86,1,1,93,1,0,90,1,1,102,1,1,5,1,0,27,1,1,101,1,0,2,1,1,73,1,0,19,1,0,67,1,1,114
5058246572,1,1,16,1,0,90,1,1,52,1,0,85,1,1,102,1,0,105,1,1,60,1,0,25,1,0,31,1,1,9,1,1,81,1,0,41,1,1,89,1,0,93,1,0,97,1,1,66,1,0,106,1,1,49,1,0,72,1,1,114,1,1,53,1,0,73
5058257363,1,1,90,1,0,23,1,1,9,1,0,104,1,1,66,1,0,7,1,1,75,1,0,77,1,0,50,1,1,112,1,1,27,1,0,98,1,1,52,1,0,29,1,0,26,1,1,102,1,0,78,1,1,87,1,0,2,1,1,46,1,1,62,1,0,61
5058262256,1,1,86,1,0,90,1,1,97,1,0,25,1,1,5,1,0,33,1,1,9,1,0,16,1,0,52,1,1,23,1,1,79,1,0,8,1,1,93,1,0,54,1,0,41,1,1,66,1,0,30,1,1,102,1,0,77,1,1,76,1,1,42,1,0,106
5058268816,1,1,19,1,0,58,1,1,85,1,0,41,1,1,9,1,0,66,1,1,23,1,0,106,1,0,3,1,1,5,1,1,97,1,0,86,1,1,93,1,0,101,1,0,27,1,1,64,1,0,57,1,1,81,1,0,104,1,1,54,1,1,102,1,0,98
5058280050,1,1,60,1,0,97,1,1,90,1,0,16,1,1,66,1,0,52,1,1,102,1,0,25,1,0,23,1,1,9,1,1,93,1,0,54,1,1,105,1,0,74,1,0,85,1,1,64,1,0,41,1,1,42,1,0,43,1,1,76,1,1,49,1,0,22
5058303790,1,1,86,1,0,25,1,1,90,1,0,23,1,1,66,1,0,9,1,1,5,1,0,85,1,0,72,1,1,58,1,1,52,1,0,76,1,1,129,1,0,93,1,0,16,1,1,102,1,0,21,1,1,106,1,0,43,1,1,82,1,1,10,1,0,41
5058459860,1,0,52,1,1,19,1,0,106,1,1,9,1,0,23,1,1,60,1,0,25,1,1,84,1,1,41,1,0,2,1,0,96,1,1,79,1,0,101,1,1,40,1,1,86,1,0,31,1,1,83,1,0,22,1,1,10,1,0,46,1,0,72,1,1,47
5058468777,1,0,72,1,1,3,1,0,103,1,1,23,1,0,25,1,1,90,1,0,19,1,1,84,1,1,7,1,0,79,1,0,10,1,1,67,1,0,9,1,1,60,1,1,101,1,0,12,1,1,104,1,0,76,1,1,38,1,0,41,1,0,57,1,1,73
5058537813,1,1,72,1,0,3,1,1,103,1,0,19,1,1,25,1,0,23,1,1,90,1,0,60,1,0,52,1,1,67,1,1,41,1,0,101,1,1,12,1,0,104,1,0,121,1,1,107,1,0,18,1,1,98,1,0,106,1,1,47,1,1,46,1,0,76
5058540490,1,0,52,1,1,25,1,0,106,1,1,19,1,0,23,1,1,86,1,0,60,1,1,85,1,1,72,1,0,27,1,0,77,1,1,10,1,0,9,1,1,79,1,1,101,1,0,84,1,1,2,1,0,54,1,1,40,1,0,46,1,0,13,1,1,49
5058603430,1,0,90,1,1,10,1,0,19,1,1,41,1,0,60,1,1,72,1,0,96,1,1,9,1,1,84,1,0,25,1,0,51,1,1,89,1,0,7,1,1,44,1,1,4,1,0,87,1,1,104,1,0,23,1,1,54,1,0,76,1,0,67,1,1,36
5058603892,1,0,72,1,1,23,1,0,60,1,1,19,1,0,25,1,1,3,1,0,90,1,1,68,1,1,41,1,0,16,1,0,107,1,1,101,1,0,76,1,1,12,1,1,74,1,0,119,1,1,96,1,0,67,1,1,46,1,0,43,1,0,106,1,1,22
5058605733,1,0,7,1,1,60,1,0,25,1,1,41,1,0,79,1,1,72,1,0,9,1,1,96,1,1,84,1,0,102,1,0,86,1,1,106,1,0,93,1,1,23,1,1,26,1,0,42,1,1,52,1,0,68,1,1,46,1,0,94,1,0,76,1,1,35
5058661206,1,0,90,1,1,10,1,0,19,1,1,41,1,0,60,1,1,72,1,0,96,1,1,25,1,1,7,1,0,86,1,0,74,1,1,87,1,0,54,1,1,22,1,1,83,1,0,37,1,1,43,1,0,35,1,1,106,1,0,23,1,0,40,1,1,63
5058681775,1,0,9,1,1,7,1,0,41,1,1,60,1,0,96,1,1,72,1,0,25,1,1,102,1,1,52,1,0,84,1,0,106,1,1,10,1,0,76,1,1,93,1,1,3,1,0,29,1,1,6,1,0,23,1,1,77,1,0,17,1,0,67,1,1,46
5058700827,1,0,79,1,1,60,1,0,41,1,1,10,1,0,25,1,1,9,1,0,97,1,1,86,1,1,19,1,0,106,1,0,76,1,1,44,1,0,104,1,1,8,1,1,102,1,0,52,1,1,72,1,0,42,1,1,16,1,0,74,1,0,90,1,1,29
5058701448,1,1,83,1,0,60,1,1,79,1,0,9,1,1,72,1,0,90,1,1,52,1,0,16,1,0,66,1,1,99,1,1,25,1,0,33,1,1,47,1,0,73,1,0,97,1,1,102,1,0,44,1,1,98,1,0,76,1,1,23,1,1,119,1,0,106
5058736088,1,0,10,1,1,90,1,0,41,1,1,60,1,0,72,1,1,83,1,0,25,1,1,96,1,1,86,1,0,19,1,0,87,1,1,4,1,0,23,1,1,54,1,1,37,1,0,31,1,1,106,1,0,67,1,1,22,1,0,8,1,0,9,1,1,46
5058749252,1,1,7,1,0,60,1,1,25,1,0,9,1,1,79,1,0,102,1,1,41,1,0,72,1,0,96,1,1,84,1,1,86,1,0,76,1,1,111,1,0,101,1,0,27,1,1,52,1,0,23,1,1,106,1,0,57,1,1,3,1,1,16,1,0,37
5058757821,1,1,83,1,0,60,1,1,79,1,0,9,1,1,97,1,0,90,1,1,72,1,0,16,1,0,64,1,1,91,1,1,41,1,0,23,1,1,10,1,0,73,1,0,33,1,1,66,1,0,44,1,1,38,1,0,76,1,1,25,1,1,52,1,0,74
5058775204,1,1,97,1,0,23,1,1,72,1,0,57,1,1,104,1,0,41,1,1,86,1,0,85,1,0,106,1,1,16,1,1,83,1,0,93,1,1,2,1,0,54,1,0,121,1,1,84,1,0,28,1,1,12,1,0,52,1,1,82,1,1,50,1,0,25
5058780774,1,1,79,1,0,60,1,1,41,1,0,9,1,1,25,1,0,10,1,1,97,1,0,19,1,0,84,1,1,106,1,1,76,1,0,8,1,1,72,1,0,44,1,0,52,1,1,5,1,0,16,1,1,1,1,0,86,1,1,93,1,1,85,1,0,54
5058806609,1,1,83,1,0,60,1,1,79,1,0,90,1,1,97,1,0,52,1,1,72,1,0,9,1,0,16,1,1,91,1,1,41,1,0,73,1,1,10,1,0,23,1,0,66,1,1,5,1,0,106,1,1,102,1,0,76,1,1,93,1,1,19,1,0,99
5058840333,1,1,85,1,0,9,1,1,119,1,0,72,1,1,38,1,0,106,1,1,23,1,0,79,1,0,96,1,1,103,1,1,43,1,0,93,1,1,76,1,0,4,1,0,16,1,1,86,1,0,46,1,1,65,1,0,89,1,1,8,1,1,54,1,0,41
5058859532,1,0,41,1,1,97,1,0,57,1,1,104,1,0,23,1,1,72,1,0,19,1,1,85,1,1,16,1,0,79,1,0,93,1,1,96,1,0,76,1,1,54,1,1,111,1,0,102,1,1,106,1,0,1,1,1,108,1,0,109,1,0,84,1,1,82
5058865047,1,0,19,1,1,60,1,0,7,1,1,102,1,0,9,1,1,84,1,0,25,1,1,90,1,1,74,1,0,96,1,0,4,1,1,46,1,0,106,1,1,61,1,1,41,1,0,79,1,1,86,1,0,72,1,1,23,1,0,51,1,0,27,1,1,38
5058916345,1,1,9,1,0,79,1,1,72,1,0,23,1,1,38,1,0,41,1,1,106,1,0,104,1,0,119,1,1,111,1,1,77,1,0,46,1,1,93,1,0,96,1,0,64,1,1,86,1,0,8,1,1,102,1,0,52,1,1,76,1,1,95,1,0,82
5058931598,1,1,41,1,0,97,1,1,19,1,0,90,1,1,72,1,0,10,1,1,83,1,0,79,1,0,9,1,1,60,1,1,106,1,0,52,1,1,89,1,0,76,1,0,23,1,1,86,1,0,8,1,1,12,1,0,74,1,1,73,1,1,50,1,0,25
5058932481,1,0,52,1,1,23,1,0,57,1,1,9,1,0,85,1,1,79,1,0,41,1,1,72,1,1,84,1,0,19,1,0,25,1,1,90,1,0,29,1,1,64,1,1,16,1,0,5,1,1,101,1,0,39,1,1,108,1,0,75,1,0,102,1,1,77
5058936515,1,1,19,1,0,60,1,1,74,1,0,102,1,1,90,1,0,84,1,1,9,1,0,4,1,0,22,1,1,41,1,1,112,1,0,57,1,1,25,1,0,46,1,0,79,1,1,68,1,0,7,1,1,23,1,0,76,1,1,101,1,1,17,1,0,42
5059015236,1,1,84,1,0,23,1,1,112,1,0,9,1,1,42,1,0,41,1,1,72,1,0,86,1,0,104,1,1,90,1,1,93,1,0,2,1,1,8,1,0,102,1,0,64,1,1,19,1,0,4,1,1,106,1,0,7,1,1,76,1,1,79,1,0,50
5059030123,1,1,19,1,0,60,1,1,90,1,0,102,1,1,74,1,0,9,1,1,41,1,0,25,1,0,7,1,1,31,1,1,10,1,0,57,1,1,112,1,0,23,1,0,111,1,1,101,1,0,43,1,1,22,1,0,96,1,1,61,1,1,16,1,0,81
5059032665,1,1,52,1,0,41,1,1,57,1,0,23,1,1,85,1,0,9,1,1,19,1,0,79,1,0,72,1,1,5,1,1,2,1,0,15,1,1,96,1,0,97,1,0,107,1,1,102,1,0,99,1,1,39,1,0,54,1,1,120,1,1,93,1,0,49
5059033230,1,1,41,1,0,83,1,1,19,1,0,60,1,1,72,1,0,97,1,1,90,1,0,84,1,0,52,1,1,106,1,1,76,1,0,45,1,1,73,1,0,104,1,0,99,1,1,9,1,0,102,1,1,62,1,0,89,1,1,17,1,1,12,1,0,33
5059095697,1,0,112,1,1,41,1,0,90,1,1,72,1,0,38,1,1,84,1,0,23,1,1,85,1,1,106,1,0,9,1,0,57,1,1,2,1,0,4,1,1,93,1,1,86,1,0,79,1,1,96,1,0,104,1,1,54,1,0,98,1,0,73,1,1,109
5059294520,1,0,90,1,1,85,1,0,88,1,1,52,1,0,102,1,1,16,1,0,9,1,1,25,1,1,57,1,0,29,1,0,93,1,1,45,1,0,76,1,1,54,1,1,100,1,0,64,1,1,72,1,0,43,1,1,1,1,0,46,1,0,42,1,1,4
5059354286,1,1,85,1,0,90,1,1,88,1,0,25,1,1,60,1,0,102,1,1,52,1,0,16,1,0,121,1,1,87,1,1,45,1,0,100,1,1,81,1,0,4,1,0,86,1,1,54,1,0,74,1,1,23,1,0,19,1,1,41,1,1,107,1,0,10
5059434506,1,0,25,1,1,90,1,0,59,1,1,66,1,0,23,1,1,102,1,0,60,1,1,16,1,1,72,1,0,84,1,0,85,1,1,41,1,0,82,1,1,54,1,1,86,1,0,105,1,1,31,1,0,14,1,1,93,1,0,61,1,0,113,1,1,106
5059500882,1,0,105,1,1,59,1,0,23,1,1,102,1,0,66,1,1,90,1,0,25,1,1,97,1,1,41,1,0,112,1,0,84,1,1,57,1,0,85,1,1,104,1,1,101,1,0,42,1,1,121,1,0,45,1,1,2,1,0,106,1,0,69,1,1,74
5059550669,1,1,102,1,0,41,1,1,104,1,0,66,1,1,97,1,0,23,1,1,5,1,0,58,1,0,19,1,1,89,1,1,52,1,0,101,1,1,26,1,0,9,1,0,64,1,1,86,1,0,54,1,1,74,1,0,96,1,1,16,1,1,33,1,0,17
5059558169,1,0,41,1,1,23,1,0,5,1,1,66,1,0,72,1,1,85,1,0,102,1,1,97,1,1,8,1,0,104,1,0,121,1,1,93,1,0,19,1,1,112,1,1,83,1,0,64,1,1,79,1,0,73,1,1,120,1,0,106,1,0,52,1,1,45
5059602186,1,1,85,1,0,23,1,1,102,1,0,104,1,1,97,1,0,41,1,1,66,1,0,5,1,0,74,1,1,9,1,1,57,1,0,73,1,1,113,1,0,93,1,0,79,1,1,106,1,0,96,1,1,81,1,0,16,1,1,89,1,1,58,1,0,67
5059615080,1,1,97,1,0,41,1,1,9,1,0,102,1,1,66,1,0,85,1,1,23,1,0,57,1,0,121,1,1,104,1,1,98,1,0,43,1,1,76,1,0,101,1,0,5,1,1,30,1,0,93,1,1,72,1,0,91,1,1,106,1,1,90,1,0,54
5059644270,1,1,102,1,0,41,1,1,58,1,0,66,1,1,97,1,0,5,1,1,23,1,0,85,1,0,104,1,1,50,1,1,106,1,0,113,1,1,9,1,0,74,1,0,101,1,1,30,1,0,93,1,1,77,1,0,33,1,1,89,1,1,4,1,0,81
5059681009,1,0,85,1,1,41,1,0,102,1,1,104,1,0,97,1,1,23,1,0,66,1,1,9,1,1,5,1,0,57,1,0,93,1,1,52,1,0,63,1,1,121,1,1,33,1,0,86,1,1,98,1,0,74,1,1,72,1,0,58,1,0,73,1,1,19
5059699896,1,1,66,1,0,90,1,1,41,1,0,97,1,1,85,1,0,23,1,1,19,1,0,60,1,0,83,1,1,89,1,1,52,1,0,65,1,1,76,1,0,58,1,0,26,1,1,104,1,0,4,1,1,74,1,0,3,1,1,45,1,1,101,1,0,13
5059713002,1,1,41,1,0,66,1,1,104,1,0,85,1,1,97,1,0,98,1,1,102,1,0,5,1,0,23,1,1,121,1,1,58,1,0,93,1,1,4,1,0,19,1,0,86,1,1,72,1,0,96,1,1,36,1,0,33,1,1,1,1,1,37,1,0,12
5059735343,1,1,83,1,0,90,1,1,41,1,0,97,1,1,60,1,0,23,1,1,19,1,0,16,1,0,22,1,1,3,1,1,66,1,0,54,1,1,93,1,0,1,1,0,85,1,1,72,1,0,13,1,1,84,1,0,46,1,1,4,1,1,50,1,0,12
5060130195,1,1,41,1,0,85,1,1,23,1,0,97,1,1,19,1,0,57,1,1,72,1,0,9,1,0,84,1,1,102,1,1,93,1,0,82,1,1,54,1,0,80,1,0,108,1,1,86,1,0,48,1,1,65,1,0,52,1,1,76,1,1,47,1,0,15
5060190446,1,1,9,1,0,23,1,1,41,1,0,119,1,1,50,1,0,106,1,1,111,1,0,72,1,0,84,1,1,104,1,1,42,1,0,83,1,1,93,1,0,10,1,0,86,1,1,110,1,0,102,1,1,19,1,0,61,1,1,76,1,1,95,1,0,98
5060207443,1,1,85,1,0,41,1,1,57,1,0,23,1,1,19,1,0,5,1,1,97,1,0,102,1,0,93,1,1,8,1,1,38,1,0,7,1,1,2,1,0,76,1,0,83,1,1,121,1,0,104,1,1,55,1,0,74,1,1,80,1,1,52,1,0,45
5060263813,1,1,9,1,0,23,1,1,41,1,0,119,1,1,50,1,0,106,1,1,72,1,0,86,1,0,102,1,1,111,1,1,42,1,0,61,1,1,93,1,0,104,1,0,84,1,1,107,1,0,4,1,1,98,1,0,17,1,1,43,1,1,19,1,0,76
5060286474,1,1,41,1,0,97,1,1,23,1,0,57,1,1,19,1,0,106,1,1,72,1,0,9,1,0,85,1,1,102,1,1,93,1,0,65,1,1,48,1,0,28,1,0,104,1,1,79,1,0,4,1,1,84,1,0,25,1,1,76,1,1,74,1,0,46
5060352260,1,1,52,1,0,57,1,1,72,1,0,23,1,1,85,1,0,41,1,1,19,1,0,9,1,0,84,1,1,5,1,1,15,1,0,28,1,1,54,1,0,16,1,0,96,1,1,97,1,0,36,1,1,44,1,0,45,1,1,43,1,1,47,1,0,73
5060367908,1,1,9,1,0,23,1,1,41,1,0,106,1,1,104,1,0,72,1,1,111,1,0,86,1,0,102,1,1,19,1,1,43,1,0,61,1,1,98,1,0,2,1,0,84,1,1,119,1,0,4,1,1,95,1,0,17,1,1,52,1,1,36,1,0,15
5060463390,1,0,52,1,1,57,1,0,19,1,1,23,1,0,9,1,1,41,1,0,72,1,1,85,1,1,96,1,0,84,1,0,54,1,1,16,1,0,15,1,1,86,1,1,25,1,0,79,1,1,81,1,0,108,1,1,89,1,0,76,1,0,22,1,1,46
5060480950,1,1,102,1,0,9,1,1,112,1,0,23,1,1,38,1,0,41,1,1,106,1,0,72,1,0,84,1,1,57,1,1,58,1,0,93,1,1,76,1,0,4,1,0,86,1,1,87,1,0,104,1,1,36,1,0,27,1,1,114,1,1,100,1,0,74
5060557707,1,1,102,1,0,106,1,1,112,1,0,41,1,1,79,1,0,9,1,1,23,1,0,111,1,0,97,1,1,86,1,1,76,1,0,93,1,1,8,1,0,67,1,0,19,1,1,84,1,0,44,1,1,4,1,0,57,1,1,98,1,1,2,1,0,15
5060631753,1,0,52,1,1,97,1,0,41,1,1,23,1,0,85,1,1,57,1,0,19,1,1,72,1,1,84,1,0,104,1,0,25,1,1,83,1,0,36,1,1,106,1,1,79,1,0,66,1,1,7,1,0,73,1,1,74,1,0,98,1,0,121,1,1,76
5060632935,1,0,102,1,1,86,1,0,100,1,1,25,1,0,52,1,1,41,1,0,97,1,1,13,1,1,57,1,0,8,1,0,4,1,1,101,1,0,42,1,1,114,1,1,90,1,0,121,1,1,72,1,0,74,1,1,79,1,0,61,1,0,9,1,1,46
5060672420,1,0,102,1,1,9,1,0,112,1,1,72,1,0,79,1,1,106,1,0,23,1,1,41,1,1,119,1,0,111,1,0,76,1,1,4,1,0,98,1,1,93,1,1,5,1,0,104,1,1,15,1,0,73,1,1,86,1,0,19,1,0,121,1,1,28
5060704777,1,0,102,1,1,86,1,0,100,1,1,25,1,0,97,1,1,41,1,0,66,1,1,90,1,1,57,1,0,23,1,0,114,1,1,101,1,0,46,1,1,10,1,1,111,1,0,79,1,1,72,1,0,76,1,1,38,1,0,17,1,0,4,1,1,61
5060714949,1,1,97,1,0,41,1,1,57,1,0,23,1,1,85,1,0,52,1,1,19,1,0,104,1,0,121,1,1,72,1,1,106,1,0,15,1,1,66,1,0,73,1,0,83,1,1,31,1,0,8,1,1,2,1,0,81,1,1,45,1,1,50,1,0,25
5060754990,1,0,102,1,1,66,1,0,100,1,1,25,1,0,97,1,1,86,1,0,23,1,1,88,1,1,52,1,0,41,1,0,46,1,1,79,1,0,42,1,1,101,1,1,4,1,0,90,1,1,112,1,0,105,1,1,74,1,0,114,1,0,19,1,1,76
5060755955,1,0,9,1,1,23,1,0,112,1,1,41,1,0,102,1,1,19,1,0,106,1,1,104,1,1,111,1,0,72,1,0,4,1,1,79,1,0,10,1,1,2,1,1,86,1,0,100,1,1,93,1,0,98,1,1,5,1,0,114,1,0,90,1,1,48
5060839324,1,1,31,1,0,90,1,1,9,1,0,102,1,1,16,1,0,112,1,1,57,1,0,72,1,0,86,1,1,41,1,1,68,1,0,97,1,1,121,1,0,25,1,0,85,1,1,101,1,0,60,1,1,66,1,0,23,1,1,74,1,1,11,1,0,43
5060888811,1,1,90,1,0,31,1,1,66,1,0,102,1,1,41,1,0,16,1,1,57,1,0,72,1,0,84,1,1,52,1,1,69,1,0,73,1,1,99,1,0,10,1,0,25,1,1,112,1,0,96,1,1,54,1,0,74,1,1,4,1,1,9,1,0,17
5060940273,1,0,102,1,1,90,1,0,9,1,1,66,1,0,52,1,1,57,1,0,16,1,1,25,1,1,72,1,0,101,1,0,85,1,1,41,1,0,43,1,1,54,1,1,88,1,0,62,1,1,104,1,0,95,1,1,34,1,0,74,1,0,23,1,1,47
5061028767,1,1,102,1,0,23,1,1,57,1,0,66,1,1,59,1,0,105,1,1,97,1,0,25,1,0,41,1,1,86,1,1,101,1,0,8,1,1,46,1,0,44,1,0,112,1,1,121,1,0,99,1,1,4,1,0,106,1,1,17,1,1,114,1,0,34
5061061339,1,0,41,1,1,23,1,0,102,1,1,105,1,0,57,1,1,66,1,0,25,1,1,90,1,1,16,1,0,60,1,0,89,1,1,54,1,0,59,1,1,8,1,1,43,1,0,84,1,1,81,1,0,22,1,1,72,1,0,61,1,0,95,1,1,82
5114495503,1,1,23,1,0,41,1,1,97,1,0,38,1,1,10,1,0,73,1,1,66,1,0,102,1,0,52,1,1,72,1,1,89,1,0,25,1,1,5,1,0,104,1,0,90,1,1,19,1,0,12,1,1,6,1,0,36,1,1,46,1,1,85,1,0,106
5114495714,1,1,90,1,0,66,1,1,4,1,0,102,1,1,23,1,0,52,1,1,9,1,0,7,1,0,25,1,1,96,1,1,84,1,0,106,1,1,74,1,0,64,1,0,81,1,1,5,1,0,31,1,1,72,1,0,99,1,1,59,1,1,46,1,0,56
5114498359,1,0,59,1,1,66,1,0,34,1,1,7,1,0,57,1,1,76,1,0,97,1,1,90,1,1,8,1,0,44,1,0,47,1,1,99,1,0,98,1,1,33,1,1,25,1,0,53,1,1,29,1,0,23,1,1,46,1,0,93,1,0,40,1,1,72
5114499946,1,1,96,1,0,102,1,1,52,1,0,66,1,1,41,1,0,85,1,1,31,1,0,60,1,0,90,1,1,93,1,1,89,1,0,23,1,1,4,1,0,13,1,0,7,1,1,19,1,0,25,1,1,74,1,0,57,1,1,10,1,1,55,1,0,72
5114528337,1,1,66,1,0,59,1,1,7,1,0,82,1,1,23,1,0,61,1,1,90,1,0,97,1,0,60,1,1,72,1,1,8,1,0,57,1,1,41,1,0,98,1,0,84,1,1,43,1,0,25,1,1,16,1,0,9,1,1,76,1,1,46,1,0,106
5114536986,1,1,41,1,0,85,1,1,60,1,0,66,1,1,96,1,0,102,1,1,19,1,0,79,1,0,9,1,1,31,1,1,52,1,0,13,1,1,10,1,0,57,1,0,104,1,1,81,1,0,72,1,1,97,1,0,106,1,1,98,1,1,120,1,0,59
5114540760,1,0,66,1,1,9,1,0,102,1,1,90,1,0,23,1,1,25,1,0,86,1,1,84,1,1,52,1,0,19,1,0,41,1,1,81,1,0,99,1,1,74,1,1,104,1,0,72,1,1,43,1,0,46,1,1,85,1,0,4,1,0,31,1,1,59
5114544428,1,1,41,1,0,73,1,1,72,1,0,66,1,1,112,1,0,97,1,1,7,1,0,85,1,0,6,1,1,10,1,1,76,1,0,65,1,1,46,1,0,53,1,0,13,1,1,25,1,0,19,1,1,96,1,0,84,1,1,38,1,1,64,1,0,49
5114584744,1,0,66,1,1,9,1,0,102,1,1,90,1,0,23,1,1,46,1,0,86,1,1,79,1,1,96,1,0,4,1,0,72,1,1,74,1,0,64,1,1,98,1,1,81,1,0,5,1,1,92,1,0,7,1,1,10,1,0,76,1,0,49,1,1,11
5114589543,1,0,85,1,1,60,1,0,102,1,1,96,1,0,97,1,1,41,1,0,66,1,1,19,1,1,31,1,0,79,1,0,81,1,1,76,1,0,7,1,1,4,1,1,93,1,0,16,1,1,98,1,0,52,1,1,72,1,0,68,1,0,10,1,1,74
5114607844,1,1,19,1,0,73,1,1,41,1,0,10,1,1,6,1,0,66,1,1,97,1,0,112,1,0,72,1,1,44,1,1,57,1,0,106,1,1,38,1,0,79,1,0,84,1,1,121,1,0,102,1,1,25,1,0,52,1,1,46,1,1,14,1,0,43
5114636203,1,0,4,1,1,97,1,0,19,1,1,66,1,0,9,1,1,46,1,0,103,1,1,7,1,1,74,1,0,72,1,0,41,1,1,33,1,0,25,1,1,104,1,1,83,1,0,22,1,1,6,1,0,38,1,1,90,1,0,23,1,0,60,1,1,58
5114703150,1,0,10,1,1,66,1,0,97,1,1,73,1,0,23,1,1,19,1,0,41,1,1,112,1,1,72,1,0,9,1,0,6,1,1,84,1,0,57,1,1,102,1,1,90,1,0,60,1,1,7,1,0,64,1,1,43,1,0,61,1,0,25,1,1,13
5114720467,1,0,4,1,1,66,1,0,19,1,1,97,1,0,9,1,1,54,1,0,7,1,1,90,1,1,81,1,0,10,1,0,46,1,1,23,1,0,89,1,1,84,1,1,101,1,0,40,1,1,74,1,0,53,1,1,25,1,0,98,1,0,13,1,1,38
5114785695,1,1,10,1,0,66,1,1,23,1,0,73,1,1,97,1,0,41,1,1,72,1,0,102,1,0,86,1,1,85,1,1,52,1,0,19,1,1,4,1,0,43,1,0,60,1,1,110,1,0,90,1,1,6,1,0,96,1,1,106,1,1,61,1,0,89
5114848193,1,1,10,1,0,66,1,1,97,1,0,41,1,1,23,1,0,73,1,1,72,1,0,90,1,0,60,1,1,110,1,1,52,1,0,84,1,1,86,1,0,57,1,0,102,1,1,85,1,0,9,1,1,2,1,0,43,1,1,76,1,1,4,1,0,35
5114913972,1,1,60,1,0,23,1,1,7,1,0,73,1,1,90,1,0,97,1,1,66,1,0,9,1,0,16,1,1,41,1,1,89,1,0,74,1,1,81,1,0,101,1,0,79,1,1,86,1,0,4,1,1,102,1,0,25,1,1,76,1,1,106,1,0,93
5114919473,1,1,31,1,0,97,1,1,72,1,0,102,1,1,9,1,0,90,1,1,25,1,0,23,1,0,3,1,1,4,1,1,16,1,0,111,1,1,65,1,0,82,1,0,41,1,1,100,1,0,22,1,1,46,1,0,57,1,1,106,1,1,13,1,0,7
5114926882,1,1,66,1,0,25,1,1,90,1,0,60,1,1,81,1,0,7,1,1,102,1,0,85,1,0,6,1,1,52,1,1,19,1,0,65,1,1,13,1,0,89,1,0,86,1,1,9,1,0,96,1,1,46,1,0,4,1,1,35,1,1,84,1,0,59
5114927085,1,0,85,1,1,7,1,0,90,1,1,72,1,0,9,1,1,97,1,0,66,1,1,81,1,1,25,1,0,107,1,0,5,1,1,98,1,0,23,1,1,65,1,1,121,1,0,64,1,1,96,1,0,11,1,1,54,1,0,39,1,0,41,1,1,43
5114977384,1,1,85,1,0,7,1,1,90,1,0,72,1,1,9,1,0,97,1,1,66,1,0,33,1,0,81,1,1,107,1,1,5,1,0,98,1,1,23,1,0,65,1,0,121,1,1,64,1,0,86,1,1,11,1,0,41,1,1,39,1,1,8,1,0,47
5114986392,1,1,23,1,0,60,1,1,73,1,0,66,1,1,102,1,0,41,1,1,97,1,0,104,1,0,101,1,1,4,1,1,74,1,0,45,1,1,10,1,0,31,1,0,84,1,1,79,1,0,52,1,1,44,1,0,9,1,1,46,1,1,96,1,0,76
5114995152,1,0,31,1,1,97,1,0,72,1,1,90,1,0,41,1,1,102,1,0,9,1,1,87,1,1,23,1,0,111,1,0,7,1,1,76,1,0,57,1,1,4,1,1,60,1,0,104,1,1,25,1,0,54,1,1,46,1,0,10,1,0,47,1,1,74
5115031896,1,0,25,1,1,66,1,0,60,1,1,90,1,0,7,1,1,96,1,0,85,1,1,102,1,1,6,1,0,52,1,0,13,1,1,19,1,0,46,1,1,98,1,1,86,1,0,20,1,1,72,1,0,77,1,1,23,1,0,112,1,0,129,1,1,2
5115054606,1,0,85,1,1,72,1,0,33,1,1,7,1,0,81,1,1,66,1,0,97,1,1,102,1,1,90,1,0,8,1,0,86,1,1,121,1,0,79,1,1,31,1,1,112,1,0,5,1,1,60,1,0,23,1,1,65,1,0,46,1,0,9,1,1,98
5115147279,1,0,23,1,1,102,1,0,97,1,1,90,1,0,41,1,1,81,1,0,7,1,1,10,1,1,111,1,0,76,1,0,22,1,1,6,1,0,39,1,1,77,1,1,13,1,0,66,1,1,9,1,0,60,1,1,38,1,0,65,1,0,14,1,1,98
5115154464,1,1,59,1,0,7,1,1,85,1,0,9,1,1,60,1,0,66,1,1,90,1,0,5,1,0,33,1,1,73,1,1,98,1,0,86,1,1,99,1,0,45,1,0,52,1,1,23,1,0,57,1,1,74,1,0,101,1,1,54,1,1,20,1,0,46
5115284807,1,1,59,1,0,66,1,1,102,1,0,7,1,1,98,1,0,73,1,1,90,1,0,20,1,0,33,1,1,23,1,1,6,1,0,46,1,1,54,1,0,47,1,0,99,1,1,112,1,0,52,1,1,72,1,0,74,1,1,89,1,1,113,1,0,1
5115314335,1,1,9,1,0,102,1,1,97,1,0,90,1,1,41,1,0,81,1,1,7,1,0,25,1,0,84,1,1,10,1,1,76,1,0,66,1,1,13,1,0,23,1,0,2,1,1,31,1,0,46,1,1,108,1,0,106,1,1,72,1,1,38,1,0,6
5115434402,1,1,33,1,0,66,1,1,52,1,0,73,1,1,102,1,0,40,1,1,90,1,0,85,1,0,6,1,1,81,1,1,98,1,0,106,1,1,65,1,0,46,1,0,16,1,1,50,1,0,13,1,1,77,1,0,74,1,1,59,1,1,23,1,0,15
5116050864,1,1,60,1,0,66,1,1,97,1,0,81,1,1,10,1,0,41,1,1,120,1,0,72,1,0,102,1,1,58,1,1,52,1,0,76,1,1,73,1,0,89,1,0,27,1,1,48,1,0,112,1,1,19,1,0,74,1,1,46,1,1,31,1,0,23
5116058924,1,1,97,1,0,66,1,1,7,1,0,102,1,1,59,1,0,52,1,1,9,1,0,90,1,0,72,1,1,60,1,1,38,1,0,77,1,1,46,1,0,54,1,0,23,1,1,84,1,0,43,1,1,76,1,0,104,1,1,61,1,1,57,1,0,34
5116107271,1,1,97,1,0,66,1,1,59,1,0,9,1,1,102,1,0,60,1,1,84,1,0,52,1,0,85,1,1,72,1,1,96,1,0,76,1,1,23,1,0,74,1,0,16,1,1,25,1,0,81,1,1,7,1,0,10,1,1,46,1,1,6,1,0,73
5116113846,1,1,102,1,0,66,1,1,41,1,0,10,1,1,60,1,0,73,1,1,72,1,0,104,1,0,121,1,1,85,1,1,81,1,0,27,1,1,19,1,0,86,1,0,107,1,1,9,1,0,47,1,1,76,1,0,84,1,1,6,1,1,57,1,0,54
5116183137,1,0,66,1,1,9,1,0,60,1,1,4,1,0,102,1,1,86,1,0,25,1,1,97,1,1,8,1,0,46,1,0,23,1,1,38,1,0,19,1,1,6,1,1,31,1,0,104,1,1,114,1,0,112,1,1,81,1,0,51,1,0,72,1,1,16
5116187991,1,1,10,1,0,66,1,1,97,1,0,41,1,1,52,1,0,72,1,1,73,1,0,90,1,0,60,1,1,84,1,1,102,1,0,99,1,1,86,1,0,57,1,0,19,1,1,9,1,0,27,1,1,104,1,0,25,1,1,76,1,1,43,1,0,74
5116249942,1,1,4,1,0,66,1,1,7,1,0,97,1,1,102,1,0,9,1,1,90,1,0,101,1,0,60,1,1,38,1,1,98,1,0,23,1,1,16,1,0,81,1,0,46,1,1,84,1,0,64,1,1,73,1,0,40,1,1,96,1,1,72,1,0,19
5116306532,1,1,10,1,0,66,1,1,60,1,0,72,1,1,52,1,0,73,1,1,41,1,0,112,1,0,6,1,1,9,1,1,13,1,0,104,1,1,57,1,0,43,1,0,102,1,1,84,1,0,33,1,1,98,1,0,61,1,1,76,1,1,25,1,0,39
5116390089,1,0,97,1,1,66,1,0,4,1,1,57,1,0,90,1,1,9,1,0,41,1,1,112,1,1,42,1,0,86,1,0,13,1,1,74,1,0,82,1,1,102,1,1,121,1,0,64,1,1,104,1,0,23,1,1,39,1,0,46,1,0,22,1,1,106
5116401833,1,1,96,1,0,66,1,1,25,1,0,9,1,1,7,1,0,4,1,1,90,1,0,60,1,0,86,1,1,110,1,1,6,1,0,81,1,1,35,1,0,41,1,0,31,1,1,77,1,0,8,1,1,104,1,0,23,1,1,76,1,1,74,1,0,49
5116467501,1,0,66,1,1,96,1,0,4,1,1,60,1,0,97,1,1,72,1,0,90,1,1,9,1,1,102,1,0,86,1,0,79,1,1,54,1,0,6,1,1,23,1,1,52,1,0,19,1,1,84,1,0,74,1,1,41,1,0,73,1,0,99,1,1,46
5116479685,1,0,41,1,1,97,1,0,66,1,1,4,1,0,86,1,1,73,1,0,23,1,1,85,1,1,72,1,0,27,1,0,102,1,1,81,1,0,57,1,1,82,1,1,104,1,0,6,1,1,121,1,0,58,1,1,84,1,0,98,1,0,51,1,1,76
5116555257,1,1,86,1,0,4,1,1,66,1,0,73,1,1,41,1,0,23,1,1,97,1,0,84,1,0,6,1,1,90,1,1,58,1,0,81,1,1,57,1,0,60,1,0,9,1,1,38,1,0,102,1,1,12,1,0,74,1,1,76,1,1,114,1,0,17
5116586076,1,1,60,1,0,66,1,1,102,1,0,73,1,1,104,1,0,90,1,1,41,1,0,112,1,0,7,1,1,9,1,1,10,1,0,22,1,1,89,1,0,23,1,0,74,1,1,31,1,0,38,1,1,106,1,0,19,1,1,93,1,1,29,1,0,72
5116640851,1,1,60,1,0,97,1,1,23,1,0,4,1,1,102,1,0,73,1,1,86,1,0,90,1,0,81,1,1,54,1,1,33,1,0,98,1,1,38,1,0,19,1,0,112,1,1,75,1,0,28,1,1,16,1,0,17,1,1,45,1,1,21,1,0,22
5116700231,1,0,60,1,1,66,1,0,102,1,1,73,1,0,38,1,1,41,1,0,97,1,1,112,1,1,86,1,0,8,1,0,104,1,1,31,1,0,2,1,1,68,1,1,7,1,0,27,1,1,10,1,0,74,1,1,90,1,0,23,1,0,58,1,1,15
5116744715,1,1,97,1,0,60,1,1,9,1,0,86,1,1,54,1,0,102,1,1,90,1,0,23,1,0,112,1,1,98,1,1,11,1,0,72,1,1,4,1,0,33,1,0,101,1,1,79,1,0,41,1,1,96,1,0,22,1,1,76,1,1,47,1,0,10
5116830040,1,1,66,1,0,7,1,1,73,1,0,60,1,1,6,1,0,41,1,1,90,1,0,97,1,0,8,1,1,86,1,1,31,1,0,38,1,1,58,1,0,99,1,0,121,1,1,2,1,0,119,1,1,74,1,0,72,1,1,23,1,1,106,1,0,49
5116874513,1,1,97,1,0,60,1,1,9,1,0,98,1,1,54,1,0,90,1,1,66,1,0,23,1,0,86,1,1,81,1,1,73,1,0,38,1,1,42,1,0,33,1,0,57,1,1,52,1,0,45,1,1,84,1,0,47,1,1,82,1,1,19,1,0,34
5117576581,1,1,7,1,0,9,1,1,97,1,0,6,1,1,33,1,0,61,1,1,66,1,0,57,1,0,76,1,1,84,1,1,58,1,0,35,1,1,89,1,0,47,1,0,90,1,1,60,1,0,99,1,1,43,1,0,72,1,1,23,1,1,52,1,0,79
5117635877,1,1,7,1,0,9,1,1,33,1,0,66,1,1,73,1,0,52,1,1,60,1,0,89,1,0,87,1,1,64,1,1,57,1,0,106,1,1,102,1,0,98,1,0,85,1,1,25,1,0,46,1,1,43,1,0,104,1,1,38,1,1,16,1,0,81
5117677355,1,1,7,1,0,9,1,1,33,1,0,66,1,1,89,1,0,73,1,1,60,1,0,97,1,0,44,1,1,112,1,1,85,1,0,98,1,1,106,1,0,47,1,0,40,1,1,64,1,0,53,1,1,41,1,0,43,1,1,13,1,1,25,1,0,23
5117728997,1,1,52,1,0,60,1,1,33,1,0,81,1,1,6,1,0,66,1,1,90,1,0,41,1,0,68,1,1,77,1,1,23,1,0,38,1,1,98,1,0,40,1,0,16,1,1,86,1,0,13,1,1,102,1,0,19,1,1,61,1,1,47,1,0,15
5117781910,1,1,33,1,0,81,1,1,52,1,0,60,1,1,6,1,0,66,1,1,90,1,0,41,1,0,68,1,1,2,1,1,79,1,0,77,1,1,57,1,0,89,1,0,100,1,1,9,1,0,104,1,1,98,1,0,47,1,1,15,1,1,46,1,0,17
5117826282,1,0,60,1,1,52,1,0,81,1,1,33,1,0,66,1,1,102,1,0,85,1,1,37,1,1,72,1,0,6,1,0,98,1,1,13,1,0,65,1,1,104,1,1,84,1,0,119,1,1,25,1,0,129,1,1,15,1,0,46,1,0,43,1,1,77
5117889774,1,1,9,1,0,66,1,1,60,1,0,85,1,1,4,1,0,97,1,1,41,1,0,86,1,0,102,1,1,58,1,1,46,1,0,23,1,1,89,1,0,74,1,0,72,1,1,120,1,0,79,1,1,98,1,0,25,1,1,76,1,1,19,1,0,15
5117977273,1,1,66,1,0,102,1,1,57,1,0,60,1,1,112,1,0,7,1,1,41,1,0,97,1,0,31,1,1,84,1,1,8,1,0,9,1,1,44,1,0,74,1,0,86,1,1,101,1,0,81,1,1,19,1,0,98,1,1,76,1,1,99,1,0,23
5118069936,1,1,59,1,0,97,1,1,82,1,0,10,1,1,73,1,0,60,1,1,72,1,0,9,1,0,84,1,1,66,1,1,81,1,0,23,1,1,57,1,0,76,1,0,2,1,1,19,1,0,54,1,1,41,1,0,33,1,1,35,1,1,98,1,0,47
5118205643,1,1,60,1,0,97,1,1,9,1,0,42,1,1,102,1,0,4,1,1,90,1,0,66,1,0,73,1,1,68,1,1,52,1,0,41,1,1,23,1,0,10,1,0,83,1,1,46,1,0,106,1,1,54,1,0,13,1,1,55,1,1,38,1,0,40
5118809836,1,1,97,1,0,9,1,1,10,1,0,66,1,1,102,1,0,61,1,1,90,1,0,60,1,0,25,1,1,38,1,1,16,1,0,73,1,1,7,1,0,23,1,0,72,1,1,84,1,0,37,1,1,41,1,0,74,1,1,59,1,1,46,1,0,45
5118844331,1,1,102,1,0,9,1,1,7,1,0,66,1,1,97,1,0,60,1,1,90,1,0,25,1,0,79,1,1,72,1,1,23,1,0,73,1,1,96,1,0,38,1,0,16,1,1,5,1,0,99,1,1,104,1,0,46,1,1,13,1,1,76,1,0,35
5118888707,1,1,9,1,0,73,1,1,7,1,0,66,1,1,102,1,0,97,1,1,41,1,0,25,1,0,60,1,1,31,1,1,89,1,0,76,1,1,23,1,0,106,1,0,90,1,1,120,1,0,72,1,1,33,1,0,74,1,1,46,1,1,19,1,0,98
5118927951,1,1,9,1,0,73,1,1,7,1,0,97,1,1,102,1,0,41,1,1,66,1,0,31,1,0,72,1,1,23,1,1,98,1,0,10,1,1,76,1,0,120,1,0,25,1,1,101,1,0,2,1,1,54,1,0,33,1,1,46,1,1,96,1,0,74
5118982915,1,0,9,1,1,33,1,0,60,1,1,85,1,0,4,1,1,41,1,0,52,1,1,86,1,1,74,1,0,66,1,0,98,1,1,77,1,0,6,1,1,73,1,1,96,1,0,20,1,1,37,1,0,61,1,1,14,1,0,89,1,0,19,1,1,18
5119049835,1,1,9,1,0,85,1,1,60,1,0,61,1,1,4,1,0,33,1,1,52,1,0,41,1,0,86,1,1,66,1,1,74,1,0,73,1,1,98,1,0,77,1,0,68,1,1,2,1,0,19,1,1,81,1,0,119,1,1,46,1,1,101,1,0,49
5119115819,1,1,10,1,0,66,1,1,52,1,0,60,1,1,57,1,0,9,1,1,41,1,0,86,1,0,102,1,1,84,1,1,6,1,0,96,1,1,72,1,0,25,1,0,20,1,1,121,1,0,4,1,1,104,1,0,43,1,1,76,1,1,50,1,0,89
5119181562,1,1,66,1,0,7,1,1,9,1,0,60,1,1,112,1,0,41,1,1,97,1,0,57,1,0,86,1,1,8,1,1,73,1,0,121,1,1,6,1,0,85,1,0,84,1,1,31,1,0,52,1,1,15,1,0,96,1,1,10,1,1,27,1,0,35
5119284842,1,1,66,1,0,60,1,1,9,1,0,97,1,1,73,1,0,7,1,1,41,1,0,6,1,0,13,1,1,96,1,1,19,1,0,86,1,1,92,1,0,84,1,0,85,1,1,27,1,0,38,1,1,35,1,0,112,1,1,61,1,1,64,1,0,23
5120049749,1,1,66,1,0,41,1,1,10,1,0,60,1,1,102,1,0,73,1,1,97,1,0,72,1,0,9,1,1,23,1,1,76,1,0,54,1,1,112,1,0,8,1,0,84,1,1,31,1,0,19,1,1,44,1,0,25,1,1,98,1,1,86,1,0,38
5120078148,1,1,9,1,0,66,1,1,102,1,0,10,1,1,41,1,0,72,1,1,73,1,0,23,1,0,25,1,1,84,1,1,54,1,0,19,1,1,52,1,0,111,1,0,68,1,1,86,1,0,81,1,1,98,1,0,13,1,1,65,1,1,45,1,0,106
5120117107,1,1,66,1,0,41,1,1,10,1,0,72,1,1,102,1,0,9,1,1,23,1,0,85,1,0,25,1,1,31,1,1,73,1,0,81,1,1,76,1,0,89,1,0,19,1,1,27,1,0,67,1,1,54,1,0,106,1,1,38,1,1,17,1,0,98
5120169627,1,0,9,1,1,97,1,0,23,1,1,54,1,0,66,1,1,4,1,0,60,1,1,81,1,1,90,1,0,73,1,0,98,1,1,25,1,0,68,1,1,13,1,1,76,1,0,88,1,1,51,1,0,39,1,1,112,1,0,38,1,0,26,1,1,102
5120209497,1,1,97,1,0,9,1,1,54,1,0,60,1,1,73,1,0,66,1,1,86,1,0,90,1,0,42,1,1,102,1,1,104,1,0,76,1,1,23,1,0,98,1,0,25,1,1,5,1,0,16,1,1,46,1,0,6,1,1,15,1,1,99,1,0,17
5120270421,1,1,81,1,0,60,1,1,90,1,0,10,1,1,98,1,0,97,1,1,66,1,0,72,1,0,37,1,1,73,1,1,76,1,0,52,1,1,68,1,0,102,1,0,9,1,1,62,1,0,23,1,1,57,1,0,79,1,1,99,1,1,106,1,0,93
5120350591,1,1,97,1,0,98,1,1,10,1,0,66,1,1,106,1,0,73,1,1,90,1,0,89,1,0,87,1,1,52,1,1,46,1,0,72,1,1,60,1,0,16,1,0,25,1,1,2,1,0,85,1,1,81,1,0,49,1,1,54,1,1,27,1,0,40
5120427196,1,1,102,1,0,66,1,1,60,1,0,41,1,1,10,1,0,97,1,1,73,1,0,9,1,0,79,1,1,90,1,1,99,1,0,16,1,1,98,1,0,23,1,0,57,1,1,120,1,0,72,1,1,33,1,0,13,1,1,46,1,1,74,1,0,52
5120513349,1,1,9,1,0,66,1,1,102,1,0,73,1,1,60,1,0,97,1,1,41,1,0,2,1,0,112,1,1,31,1,1,89,1,0,101,1,1,13,1,0,57,1,0,23,1,1,121,1,0,72,1,1,106,1,0,96,1,1,85,1,1,14,1,0,40
5120624724,1,1,73,1,0,9,1,1,41,1,0,66,1,1,82,1,0,102,1,1,60,1,0,97,1,0,8,1,1,86,1,1,23,1,0,52,1,1,19,1,0,99,1,0,31,1,1,90,1,0,121,1,1,57,1,0,46,1,1,61,1,1,15,1,0,39
5122602598,1,1,6,1,0,9,1,1,33,1,0,60,1,1,89,1,0,66,1,1,7,1,0,41,1,0,68,1,1,10,1,1,2,1,0,85,1,1,13,1,0,84,1,0,86,1,1,53,1,0,104,1,1,31,1,0,25,1,1,76,1,1,23,1,0,15
5122662464,1,1,60,1,0,7,1,1,9,1,0,33,1,1,66,1,0,15,1,1,41,1,0,6,1,0,13,1,1,26,1,1,38,1,0,129,1,1,84,1,0,65,1,0,85,1,1,37,1,0,102,1,1,98,1,0,61,1,1,50,1,1,25,1,0,72
5122739881,1,1,9,1,0,97,1,1,98,1,0,73,1,1,60,1,0,41,1,1,23,1,0,7,1,0,10,1,1,68,1,1,22,1,0,46,1,1,17,1,0,42,1,0,111,1,1,19,1,0,25,1,1,81,1,0,13,1,1,76,1,1,75,1,0,49
5122801248,1,1,97,1,0,23,1,1,73,1,0,60,1,1,102,1,0,9,1,1,84,1,0,66,1,0,16,1,1,72,1,1,54,1,0,98,1,1,82,1,0,22,1,0,88,1,1,46,1,0,42,1,1,86,1,0,57,1,1,76,1,1,96,1,0,15
5122846236,1,0,97,1,1,23,1,0,73,1,1,60,1,0,102,1,1,9,1,0,84,1,1,86,1,1,46,1,0,72,1,0,90,1,1,22,1,0,54,1,1,98,1,1,96,1,0,101,1,1,6,1,0,106,1,1,2,1,0,85,1,0,104,1,1,58
5122922193,1,1,52,1,0,66,1,1,6,1,0,73,1,1,98,1,0,9,1,1,60,1,0,20,1,0,33,1,1,90,1,1,99,1,0,23,1,1,77,1,0,86,1,0,120,1,1,87,1,0,12,1,1,57,1,0,106,1,1,15,1,1,17,1,0,19
5122994273,1,1,52,1,0,60,1,1,6,1,0,73,1,1,98,1,0,66,1,1,41,1,0,7,1,0,25,1,1,9,1,1,10,1,0,97,1,1,89,1,0,84,1,0,90,1,1,31,1,0,81,1,1,57,1,0,17,1,1,15,1,1,23,1,0,86
5123997064,1,1,90,1,0,84,1,1,81,1,0,10,1,1,102,1,0,41,1,1,9,1,0,23,1,0,25,1,1,3,1,1,104,1,0,98,1,1,72,1,0,106,1,0,66,1,1,46,1,0,73,1,1,2,1,0,54,1,1,65,1,1,6,1,0,40
5124046618,1,1,9,1,0,90,1,1,23,1,0,81,1,1,10,1,0,66,1,1,19,1,0,84,1,0,72,1,1,51,1,1,106,1,0,54,1,1,86,1,0,46,1,0,25,1,1,33,1,0,16,1,1,60,1,0,37,1,1,74,1,1,64,1,0,41
5124152529,1,1,72,1,0,66,1,1,52,1,0,89,1,1,25,1,0,60,1,1,7,1,0,41,1,0,9,1,1,10,1,1,68,1,0,40,1,1,76,1,0,53,1,0,13,1,1,31,1,0,30,1,1,46,1,0,57,1,1,15,1,1,102,1,0,59
5124208589,1,0,72,1,1,66,1,0,52,1,1,89,1,0,9,1,1,60,1,0,7,1,1,41,1,1,25,1,0,40,1,0,96,1,1,10,1,0,31,1,1,73,1,1,30,1,0,90,1,1,57,1,0,46,1,1,99,1,0,59,1,0,6,1,1,23
5124381179,1,1,9,1,0,66,1,1,23,1,0,41,1,1,98,1,0,73,1,1,60,1,0,87,1,0,72,1,1,90,1,1,89,1,0,15,1,1,57,1,0,54,1,0,25,1,1,86,1,0,96,1,1,104,1,0,46,1,1,76,1,1,106,1,0,22
5124467250,1,1,9,1,0,66,1,1,25,1,0,73,1,1,72,1,0,41,1,1,60,1,0,23,1,0,31,1,1,90,1,1,98,1,0,57,1,1,96,1,0,52,1,0,87,1,1,121,1,0,89,1,1,54,1,0,17,1,1,15,1,1,106,1,0,46
5124574017,1,1,72,1,0,66,1,1,25,1,0,41,1,1,60,1,0,73,1,1,9,1,0,23,1,0,102,1,1,76,1,1,13,1,0,54,1,1,6,1,0,57,1,0,88,1,1,31,1,0,17,1,1,96,1,0,8,1,1,98,1,1,99,1,0,114
5125628778,1,1,60,1,0,25,1,1,66,1,0,9,1,1,89,1,0,23,1,1,31,1,0,7,1,0,10,1,1,41,1,1,40,1,0,98,1,1,53,1,0,101,1,0,102,1,1,26,1,0,87,1,1,68,1,0,76,1,1,106,1,1,19,1,0,13
5125693570,1,0,25,1,1,66,1,0,72,1,1,60,1,0,23,1,1,89,1,0,9,1,1,102,1,1,87,1,0,76,1,0,6,1,1,41,1,0,88,1,1,54,1,1,16,1,0,90,1,1,17,1,0,57,1,1,81,1,0,114,1,0,99,1,1,10
5125919642,1,0,25,1,1,66,1,0,41,1,1,89,1,0,72,1,1,60,1,0,9,1,1,57,1,1,86,1,0,76,1,0,35,1,1,102,1,0,52,1,1,6,1,1,90,1,0,85,1,1,46,1,0,104,1,1,10,1,0,54,1,0,81,1,1,8
5125994965,1,1,25,1,0,66,1,1,72,1,0,60,1,1,41,1,0,9,1,1,7,1,0,97,1,0,44,1,1,10,1,1,13,1,0,31,1,1,23,1,0,57,1,0,53,1,1,30,1,0,121,1,1,98,1,0,106,1,1,76,1,1,47,1,0,19
5126075663,1,1,89,1,0,25,1,1,76,1,0,9,1,1,7,1,0,41,1,1,60,1,0,66,1,0,73,1,1,98,1,1,79,1,0,68,1,1,57,1,0,93,1,0,52,1,1,90,1,0,104,1,1,23,1,0,27,1,1,59,1,1,120,1,0,70
5126164317,1,1,25,1,0,9,1,1,41,1,0,60,1,1,98,1,0,66,1,1,87,1,0,57,1,0,52,1,1,89,1,1,73,1,0,76,1,1,72,1,0,85,1,0,26,1,1,7,1,0,13,1,1,10,1,0,23,1,1,47,1,1,99,1,0,46
